Rank,Article Title,Author Full Names,Source Title,Publication Year,Abstract,DOI Link,ENGINEERING.PRODUCT/UI.UX/SERVICE,Inclusion (Y/N/Q/R) for 2nd screening,Note,Unnamed: 10
100,Using Deep Learning to Support the User Interface Design of Mobile Applications with App Inventor,"Baule, Daniel de Souza; von Wangenheim, Christiane Gresse; von Wangenheim, Aldo; Hauck, Jean C. R.; Vargas Junior, Edson C.",PROCEEDINGS OF THE 20TH BRAZILIAN SYMPOSIUM ON HUMAN FACTORS IN COMPUTING SYSTEMS (IHC 2021),2021,"Transforming a user interface sketch into a wireframe using App Inventor has been a common need both in computing education and the development of applications by end users. As this part of mobile application development is challenging and time-consuming, we present an approach that automates this process through the prototyping of user interfaces. The Sketch2aia approach employs deep learning to detect the user interface components and their position in a hand-drawn sketch, creating an intermediate representation of the user interface and automatically generating the App Inventor code for the respective wireframe. The approach achieves an average classification accuracy of the components of the user interface of 87.72% and results of a preliminary evaluation with users indicate that it generates wireframes that resemble sketches in terms of visual similarity. The approach is available as a web tool and can be used to support the teaching of user interface design effectively and efficiently, as well as the development of mobile applications by end users.",http://dx.doi.org/10.1145/3472301.3484340,UI/UX,Y,DL to detect UI components in sketch and generate representation and code,
108,A User Review Analysis Tool Empowering Iterative Product Design,"Wu, Qi","HCI INTERNATIONAL 2024 POSTERS, PT VI, HCII 2024",2024,"Understanding user feedback and improving accordingly is an essential phase in iterative product design. User reviews provide sufficient and various user feedback about general experience, specific features, and bug reports. While the traditional manual analysis may yield some insights, it is often constrained by limited sample sizes and potential biases. This paper introduces a user review analysis tool equipped with a graphical user interface, based on multiple machine learning and natural language processing techniques. This tool is designed to aid developers in rapidly acquiring a qualitative understanding of user experiences regarding product features and topics, by illustrating user attitude evolution and summarizing diverse user opinions. The tool's performance is evaluated with datasets from three different applications, each containing 50000 reviews. It was able to identify major features and topics and illustrated the evolution of user attitudes. Its effectiveness in summarizing diverse user opinions was also highlighted. The user review analysis tool can enable developers to efficiently process and interpret large volumes of user feedback, thereby significantly enhancing the iterative design process with data-driven insights.",http://dx.doi.org/10.1007/978-3-031-61966-3_19,UI/UX,Y,"User review analysis, ML, NLP (NLTK, Gensim’s model.ldamodel module), app design so more UI/UX?",
415,Configuration-Based Smart Customization Service: A Multitask Learning Approach,"Wang, Yue; Li, Xiang; Tsung, Fugee",IEEE TRANSACTIONS ON AUTOMATION SCIENCE AND ENGINEERING,2020,"Smart customization service is an important element for smart manufacturing. The success of smart customization requires that designers, manufacturers, and customers with differences in context, semantics, and other cognitive aspects be engaged in a collaborative process. With product configurators reported to have positive impacts on product quality to meet customers' needs, this article attempts to explore an approach for smart customization service based on configurators. To better address the semantic gap between customers and designers/manufacturers, a new configuration mechanism is proposed that takes into consideration customer needs using natural language as the input and maps them to product specifications in the design stage. We collected a massive amount of review text from e-commerce websites and used ELMo, a contextualized word representation based on a deep bidirectional language model, to encode the text. A multitask learning-based neural network was adopted to build the mapping from layman customer needs to product specifications. Our experiments show that this approach can achieve a promising performance for the configuration task and, thereby, facilitate smart customization services. Note to Practitioners-Smart customization has been adopted by various industries to tailor companies' business streams and customize solutions for customers. It is a complicated service process involving cross-functional teams for identifying customer needs and establishing product design and manufacturing specifications. However, communication in the collaborative process may be challenging. Customers may express their needs using layman's terms. The expressed needs can even be ambiguous and imprecise. Miscommunication hinders the efficiency of smart customization services. This article uses natural language processing and machine learning techniques to map product review text, which is crawled from e-commerce websites to the corresponding product specifications. Given a new customer's needs in free-form text, the mapping can automatically identify the satisfactory product configurations. This has the potential to improve the efficiency of product customization and shield customers and companies from the back-and-forth communication procedure in the customization service.",http://dx.doi.org/10.1109/TASE.2020.2986774,SERVICE,Y,ELMo to analyse customer reviews and identify their needs,
552,Exploring the Potential of Chatbots in Extending Tourists' Sustainable Travel Practices,"Majid, Gilang Maulana; Tussyadiah, Iis; Kim, Yoo Ri",JOURNAL OF TRAVEL RESEARCH,2024,"Recent advancement in Generative Conversational Artificial Intelligence (AI) has opened the possibility of promoting chatbots for nudging. Tourists returning home from destinations that enforce sustainable transport regulations might be nudged to continue traveling sustainably. Through exploratory qualitative research, this study conceptualizes a chatbot to facilitate pro-environmental behavior spillover among domestic tourists in the Gili Islands, Indonesia. The Service Design approach and Grounded Theory were applied throughout the data collection process involving semi-structured in-depth interviews, focus group discussions and field observations. Insights obtained from stakeholders from multidisciplinary backgrounds were used to provide an overview of how the chatbot can be developed and the potential impact it could bring. A theoretical model predicting factors that play important roles in adopting the proposed chatbot and its respective nudges was developed. It informs policymakers and practitioners about the potential use of AI to help transform tourist experiences and shape lasting responsible behaviors.",http://dx.doi.org/10.1177/00472875241247316,SERVICE,Y,Service design of tourism with generative conversational AI,
655,Digital servitization of symbiotic service composition in product-service systems,"Chuang, Yen-Ching; Chen, Yee Ming",COMPUTERS IN INDUSTRY,2022,"Product service systems (PSSs) are accelerating the shift in value in the creation of cloud manufacturing (CMfg), from product design and production to providing solutions that integrate products and services. Cyber-physical systems (CPSs) are taking center stage in CMfg, thereby integrating cyberspace and dynamic manufacturing physical spaces. Selecting the best combination of services to fulfil customer requirements is the most important issue in the CMfg platform. To address this issue, symbiotic simulations have been proposed to bridge the gap between cyberspace and the physical space. Cyberspace works by establishing a symbiotic relationship between users in physical space and information resources (e.g., computational algorithms and data) in cyberspace. In this study, we propose symbiotic simulations to perform efficient service combinations in CMfg, adopting computational algorithms ranging from operations research (OR) to machine learning (ML). This can overcome the inherent heterogeneity and complexity of these services in terms of functionality, quality, and execution paths. Several test cases were conducted to validate the performance of the multiagent-based symbiotic simulation platform, and the results of the symbiotic simulations demonstrate the performance of the approach in terms of reduced combined resources and wait times.(c) 2022 Published by Elsevier B.V.",http://dx.doi.org/10.1016/j.compind.2022.103630,SERVICE,Y,"Product service design with OR, ML, agent systems",
721,Collaborative Decision-Making Assistant for Healthcare Professionals: A Human-Centered AI Prototype Powered by Azure Open AI,"Fukizi, Kenneth Yamikani","PROCEEDINGS OF THE ACM SIGCAS/SIGCHI CONFERENCE ON COMPUTING AND SUSTAINABLE SOCIETIES 2023,COMPASS 2023",2023,"This paper presents a demonstration of a collaborative decision-making assistant designed to support healthcare professionals in making informed and personalized treatment decisions for their patients. The prototype highlights the integration of advanced AI algorithms, explainable AI techniques, and the utilization of mainly Microsoft related technology stacks, including ASP.Net Core and Azure Open AI services. The significance of this prototype lies in its contribution to the field of human-computer interaction, design and critical perspectives, specifically within the sub-domain of Human-centered AI. The prototype demonstration highlights innovation in the design, usage, sociotechnical context, and application of the prototype, and emphasizes commitment to ethical AI practices and responsible AI development, with considerations for fairness, transparency, and mitigating bias in AI algorithms, promoting the ethical use of AI in healthcare.",http://dx.doi.org/10.1145/3588001.3609370,SERVICE,Y,HCI design for doctor and computer with XAI,
15,Impaction of Artificial Intelligence on Interaction Design,"Du, Jiamei",2021 2ND INTERNATIONAL CONFERENCE ON COMPUTER ENGINEERING AND INTELLIGENT CONTROL (ICCEIC 2021),2021,"In recent years, artificial intelligence (AI) technology has made rapid development. Speech recognition, face recognition, natural language processing, limb recognition and other technologies are becoming more and more mature. The development of human technology has constantly changed the interaction mode between people and computers. For example, the maturity of touch screen technology has brought the popularity of tablet computers. The theme of this study is to investigate the impact of artificial intelligence (AI) technology on interaction design and how to use the interaction mode of AI technology to improve user experience. The research method of this paper is through the investigation of literature and face recognition experiments. The research results show that AI technology has a great impact on interaction design, Chat robot and speech recognition have been applied in many interaction designs. The recognition of facial expressions and human body movements can recognize more detailed feature information (such as expression, mental state, skin state, etc.), open more interaction space and provide users with better user experience.",http://dx.doi.org/10.1109/ICCEIC54227.2021.00044,UI.UX,Y,Interaciton design with image recognition,
33,PIKAR: A Pixel-Level Image Kansei Analysis and Recognition System Based on Deep Learning for User-Centered Product Design,"Gong, Yun; Wang, Bingcheng; Rau, Pei-Luen Patrick","CROSS-CULTURAL DESIGN-USER EXPERIENCE OF PRODUCTS, SERVICES, AND INTELLIGENT ENVIRONMENTS, CCD 2020, PT I",2020,"Can machines learn to perceive products like humans? Kansei Engineering has been developed to connect product design and human perception. While conventional Kansei Engineering Systems exhibit a high dependency on manual extraction of design elements and thereby are restricted to validity issues, we present a Pixel-level Image Kansei Analysis and Recognition (PIKAR) system that applies deep learning to extract and analyze the formation of human perception towards product designs automatically. Method validation is performed based on the evaluation of cosmetic packaging's kawaii. Two neural nets trained on 1,414 images, labeled by eight participants based on their perception of kawaii (1-5 Likert Scale), have achieved a better prediction than test persons. The implemented neuron analysis methodology for Kansei analysis points towards consistency with previous experimental kawaii studies and gives insight to individual differences. This work addresses the possibility of applying deep learning to support product design and user experience researches.",http://dx.doi.org/10.1007/978-3-030-49788-0_5,UI.UX,Y,product design with image recognition (dnn),
87,Will artificial intelligence platforms replace designers in the future? analyzing the impact of artificial intelligence platforms on the engineering design industry through color perception,"Li, Yu",ENGINEERING APPLICATIONS OF ARTIFICIAL INTELLIGENCE,2024,"This research investigates the impact of artificial intelligence platforms on the engineering design industry by analyzing the perceptions of color and views on artificial intelligence development among designers and nondesigners. The study utilized a two-stage approach: the first involved artificial intelligence-assisted design tasks and focus group discussions with 24 participants, capturing both visual and textual data. K-means color clustering and thematic analysis were applied to images and texts. The second stage involved surveying 222 individuals and conducting a chi-square test to analyze the frequency of different color dimensions used by the two groups. The results demonstrate that differences in color perception influenced design decision-making outcomes. There was widespread acknowledgment across all groups of the efficiency and inspirational potential of artificial intelligence platforms. However, variations in design education resulted in differing opinions on the replaceability of designers. Future trajectories for artificial intelligence platforms are likely to focus on specialization while addressing challenges such as echo chamber effects, copyright disputes, and the prevention of private information leakage.",http://dx.doi.org/10.1016/j.engappai.2024.109369,UI.UX,Y,Clustering and chi-test for industrial design,
89,Intelligent emotion recognition in product design using multimodal physiological signals and machine learning,"Zhang, Lekai; Hu, Fo; Liu, Xingyu; Wang, Yingfan; Zhang, Hailong; Liu, Zheng; Yu, Chunyang",JOURNAL OF ENGINEERING DESIGN,2024,"Identifying emotional responses in products is essential for product design and user research. Traditional methods, such as interviews and surveys, for gathering product experience data are time-consuming and resource-intensive, and often fail to capture users' genuine emotional intentions. This article introduces an intelligent method for accurately identifying user-product emotions using multimodal physiological signals and machine learning techniques. The study involves designing experiments with 63 representative product images, and collecting various physiological signals (eye movement, electrodermal activity, and pulse). Using the K-means algorithm, we establish efficacy-arousal assessment labels to create a product emotion dataset. Preprocessing methods, including time-frequency analysis and wavelet transformation, ensure high-quality signal analysis data. By extracting temporal, frequency, and time-frequency features from multimodal physiological signals, the Relief algorithm determines the optimal feature combination. Finally, the study evaluates the performance of five machine learning classifiers, with results indicating an 81.31% recognition accuracy for the proposed product emotion recognition framework. This framework proves effective for objectively analyzing user emotions in product experiences.",http://dx.doi.org/10.1080/09544828.2024.2362589,UI.UX,Y,Clustering with classificaiton models for product design,
102,"Designing Age-Inclusive Interfaces: Emerging Mobile, Conversational, and Generative AI to Support Interactions across the Life Span","Sarcar, Sayan; Munteanu, Cosmin; Sin, Jaisie; Wei, Christina; Sayago, Sergio; Zhao, Wei; Waycott, Jenny","PROCEEDINGS OF THE 6TH CONFERENCE ON ACM CONVERSATIONAL USER INTERFACES, CUI 2024",2024,"We are concurrently witnessing two significant shifts: voice and chat-based conversational user interfaces (CUIs) are becoming ubiquitous (especially more recently due to advances in generative AI and LLMs - large language models), and older people are becoming a very large demographic group (and increasingly adopting of mobile technology on which such interfaces are present). However, despite the recent increase in research activity, age-relevant and inter/crossgenerational aspects continue to be underrepresented in both research and commercial product design. Therefore, the overarching aim of this workshop is to increase the momentum for research within the space of hands-free, mobile, and conversational interfaces that centers on age-relevant and inter- and cross-generational interaction. For this, we plan to create an interdisciplinary space that brings together researchers, designers, practitioners, and users, to discuss and share challenges, principles, and strategies for designing such interfaces across the life span. We thus welcome contributions of empirical studies, theories, design, and evaluation of hands-free, mobile, and conversational interfaces designed with aging in mind (e.g. older adults or inter/cross-generational). We particularly encourage contributions focused on leveraging recent advances in generative AI or LLMs. Through this, we aim to grow the community of CUI researchers across disciplinary boundaries (human-computer interaction, voice and language technologies, geronto-technologies, information studies, etc.) that are engaged in the shared goal of ensuring that the aging dimension is appropriately incorporated in mobile / conversational interaction design research.",http://dx.doi.org/10.1145/3640794.3669998,UI.UX,Y,LLM for HCI/UX,
378,The artistic design of user interaction experience for mobile systems based on context-awareness and machine learning,"Liu, Lina",NEURAL COMPUTING & APPLICATIONS,2022,"This paper investigates the art design of user interaction experience in mobile systems through the methods of contextual perception and machine learning. The theoretical foundations for the design of intangible cultural heritage interactive display resources include digital display theory, intangible cultural heritage education theory, embodied cognition theory, and gamification design theory. Based on the modelling and analysis of the theoretical foundations, the design principles are derived, including the heritage education principle, the somatic interaction design principle, and the content design principle. In this paper, we use ontologies to construct user knowledge models, fuse multi-situational similarity metrics, screen out candidate neighbour sets through preliminary screening, then combine the user's activity to construct time-based weight tensor scores, use tensor decomposition to obtain recommendation evaluation values, and finally use the recommendation evaluation values to make artistic recommendations. The experimental results show that the algorithm can still obtain a good recommendation implementation in the case of extremely sparse data. The analysis of the fit between augmented reality and folk art appreciation class, as well as the reference to relevant application cases, make design and practice of augmented reality application in folk art appreciation class, try to solve the common problems in folk art appreciation class, analyse the feedback effect and make a summary and outlook.",http://dx.doi.org/10.1007/s00521-021-06160-x,UI.UX,Y,matrix decomposiiton for UX design,
419,ITIU: Intention Understanding via Interactive Table in Large Language Models,"Liao, Zenghua; Liao, Jinzhi; Zhao, Xiang","PROCEEDINGS OF THE 33RD ACM INTERNATIONAL CONFERENCE ON INFORMATION AND KNOWLEDGE MANAGEMENT, CIKM 2024",2024,"Large language models (LLMs) have shown impressive success in various applications. However, they encounter issues in accurately understanding user intentions, thereby impeding the successful accomplishment of tasks. The pioneering study tackles intention understanding through iteratively interacting with users to enhance response quality; however, it fails to identify the notorious challenges associated with the task, where efficiency and accuracy are paramount for ensuring optimal user experience. To address these challenges, we introduce a new interactive table based intention understanding (ITIU) framework, which refers to and implements non-linear thinking in psychology such that details of intention are parallelly generated. Specifically, in the table interacting design phase, ITIU first brainstorms a more concrete intention table relevant to user instructions and subsequently incorporates a rule-based supervision mechanism to enhance the accuracy of its content. In the specialized model training phase, we obtain the procedural records generated by ITIU to develop a specialized upstream interactive intention understanding model. The specialized model replaces internal steps within the original interaction design for further efficiency improvement. Comprehensive experimental results demonstrate that ITIU significantly outperforms existing intention understanding methods, particularly in terms of interaction efficiency and intention understanding accuracy. Furthermore, whether integrated into the open-source LLaMA or powerful LLMs like GPT-4 and Claude-3, ITIU shows significant performance improvements. All the data and codes are released(1).",http://dx.doi.org/10.1145/3627673.3679688,UI.UX,Y,LLM for HCI/UX,
425,CUI@CHI: Mapping Grand Challenges for the Conversational User Interface Community,"Candello, Heloisa; Munteanu, Cosmin; Clark, Leigh; Sin, Jaisie; Ines Torres, Maria; Porcheron, Martin; Myers, Chelsea M.; Cowan, Benjamin; Fischer, Joel; Schloegl, Stephan; Murad, Christine; Reeves, Stuart",CHI'20: EXTENDED ABSTRACTS OF THE 2020 CHI CONFERENCE ON HUMAN FACTORS IN COMPUTING SYSTEMS,2020,"The aim of this workshop is twofold. First, it aims to grow critical mass in Conversational User Interfaces (CUI) research by mapping the grand challenges in designing and researching these interactions. Second, this workshop is intended to further build the CUI community with these challenges in mind, whilst also growing CUI research presence at CHI. In particular, the workshop will survey and map topics such as: interaction design for text and voice-based CUI; the interplay between engineering efforts such as in Natural language Processing (NLP) and the design of CUI; practical CUI applications (e.g. human-robot interaction, public spaces, hands-free and wearables); and social, contextual, and cultural aspects of CUI design (e.g. ethics, privacy, trust, information exploration, persuasion, well-being, or decision-making, marginalized users). By drawing from the diverse interdisciplinary expertise that defines CHI, we are proposing this workshop as a platform on which to build a community that is better equipped to tackle an emerging field that is rapidly-evolving, yet is under-studied - especially as the commercial advances seem to outpace the scholarly research in this space.",http://dx.doi.org/10.1145/3334480.3375152,UI.UX,Y,NLP for HCI/UX,
452,Generating educational mobile applications using UIDPs identified by artificial intelligence techniques,"Nely Sanchez-Morales, Laura; Alor-Hernandez, Giner; Yarel Rosales-Morales, Viviana; Augusto Cortes-Camarillo, Cesar; Luis Sanchez-Cervantes, Jose",COMPUTER STANDARDS & INTERFACES,2020,"Commercial mobile devices vary in brand, size, and functionalities, but they all allow people to interact with educational applications. In software engineering, application development techniques, approaches, methodologies, and processes (e.g., BBD, FDD, RAD, DDD) are often time consuming, costly, or aim at expert developers - which implies that users outside the software development field (e.g., teachers) need great practice to become experienced application developers. This work proposes an artificial-intelligence-based process for generating educational mobile apps from freehand-generated images. The images' design is based on User Interface Design Pattern (UIDP) representations. As a proof of concept, we introduce EduMatic, an application development tool. To test our process, we assessed Wiki-Comp, an application built with EduMatic, along with three other external educational applications: Khan Academy, Wiki encyclopedia, and Kiwix. According to the evaluation results, Wiki-Comp outstands in functionality, usability, and performance aspects.",http://dx.doi.org/10.1016/j.csi.2019.103407,UI.UX,Y,image recognition for UI/UX,
459,A training and assessment system for human-computer interaction combining fNIRS and eye-tracking data,"Qu, Jing; Bu, Lingguo; Zhao, Lei; Wang, Yonghui",ADVANCED ENGINEERING INFORMATICS,2024,"In the domain of engineering interactive product design, the optimization of Human-Computer Interaction (HCI) is central to enhancing user experience and system efficiency. Notably, the application of cognitive load theory holds significant prominence in this field. Efficient evaluation of cognitive load not only facilitates the optimization of resource management and task allocation, but is also the key to creating a fluent interactive experience. With the advancement of Artificial Intelligence (AI) and physiological measurement technologies, new methodologies have emerged to measure and understand cognitive load. This research introduces a system for HCI training and assessment. The system, through the development of digital memory paradigms, induces and verifies varying levels of cognitive load with precision, thereby providing data-driven insights for HCI design. Specifically, this study constructs an AI-assisted multimodal cognitive load assessment framework, integrating physiological data collected from Functional Near-Infrared Spectroscopy (fNIRS) and eye-tracking technologies. By extracting and analyzing 29 physiological features, including channel features, graph-theoretic features, and features pertaining to eyelid and iris movements, we propose an innovative multimodal recognition approach to classify cognitive load across individuals. The experimental results not only verified the validity of the method, but also revealed changes in physiological patterns at different levels of cognitive load. In particular, the significant potential of the fNIRS feature in band I. This discovery suggests that we can monitor and predict cognitive load with greater precision through physiological signals, hence optimizing the design of HCI systems to alleviate user strain, prevent information overload, and enhance the naturalness and intuitiveness of interaction.",http://dx.doi.org/10.1016/j.aei.2024.102765,UI.UX,Y,multi-modal learning for HCI/UX,
483,Beyond Manual Modeling: Automating GUI Model Generation Using Design Documents,"Cao, Shaoheng; Chen, Renyi; Pan, Minxue; Yang, Wenhua; Li, Xuandong","PROCEEDINGS OF 2024 39TH ACM/IEEE INTERNATIONAL CONFERENCE ON AUTOMATED SOFTWARE ENGINEERING, ASE 2024",2024,"GUI models encapsulate the desired visual appearance and interactive behaviors of applications, facilitating various downstream tasks like model-based testing (MBT). Manually constructing high-quality GUI models is not only labor-intensive and costly but also prone to errors, particularly as applications evolve and require frequent model updates. Existing automated approaches for GUI model generation heavily rely on reverse engineering, where the models are abstractions of the code. As a result, they are not suitable for MBT to test functional issues because they are consistent with the code. Meanwhile, valuable development artifacts such as UI/UX design documents, which reflect design intentions, are often overlooked. In this paper, a novel approach named DemGen is proposed to seek a unique pathway for GUI model generation. Leveraging design documents, DemGen employs computer vision pre-trained models in conjunction with a rule-based correction mechanism to identify GUI elements and their intended behaviors as defined in those documents. Subsequently, the identified content is transformed into a formal GUI model adhering to the IFML modeling language. Our evaluation, conducted in collaboration with an industry partner on commercial applications, demonstrates the effectiveness and efficiency of DemGen in GUI element recognition and GUI model generation. Moreover, we conducted a comparative analysis of manual, automated, and hybrid modeling techniques, assessing the usefulness of generated models on MBT tasks.",http://dx.doi.org/10.1145/3691620.3695032,UI.UX,Y,computer vision for UI/UX,
486,Exploring the impact of integrated design on employee learning engagement in the ubiquitous learning context: A deep learning-based hybrid multistage approach,"Shang, Dawei; Zhang, Caiyi; Jin, Li",COMPUTERS IN HUMAN BEHAVIOR,2025,"Learning engagement has received the attention of academics and practitioners; however, studies on employee learning engagement are limited. Based on an integrated hardware-software-value-design perspective and domain-specific innovativeness theory, we developed and tested a theoretical framework using a novel and hybrid multistage approach combining a partial least squares (PLS) structural equation model (SEM) and artificial neural networks from deep learning. We used multigroup analysis (PLS-MGA-ANN), which examines key integrated design elements and domain-specific innovativeness drivers of employee learning engagement in ubiquitous learning context. According to a sample of learners' responses, the linear PLS-SEM results demonstrated that (a) integrating design elements, including perceived compatibility, familiarity, value, and user interface design, had a direct impact on domain-specific innovativeness; (b) domain-specific innovativeness had a direct impact on employee learning engagement and played a mediating role in the relationship between integrating design elements and employee learning engagement; and (c) copresence moderated the relationships between domain-specific innovativeness and employee learning engagement. Furthermore, through the evaluation of nonlinear models of the neural network, perceived compatibility and value revealed nonlinear average importance. Practical and theoretical implications are discussed.",http://dx.doi.org/10.1016/j.chb.2024.108468,UI.UX,Y,ANN for UX,
502,(Re-)connecting with Nature in Urban Life: Engaging with Wildlife via AI-powered Wearables,"Li, Zhuying; Cheng, Si; Wang, Wei; Zhang, Min-Ling","ADJUNCT PUBLICATION OF THE 24TH ACM INTERNATIONAL CONFERENCE ON HUMAN-COMPUTER INTERACTION WITH MOBILE DEVICES AND SERVICES, MOBILEHCI 2022",2022,"Connecting with nature is essential for our health and well-being. However, we are getting less connected with nature today because of urbanization. Considering urban is where human and other species co-habit, we believe there is an opportunity to design interactive technologies to engage urban residents with those wild species to deepen the residents' connection with nature in their daily life. In this paper, we present GoChirp, an always-available AI-powered wearable device that connects users with nature by engaging them with surrounding wild birds. GoChirp embeds machine learning techniques to detect surrounding birds by recognizing birds' chirping sound. The device brings the birds to users' attention via haptic feedback that mimics the bird flapping. GoChirp comes with a mobile APP that supports users to take photos and identifying the species of the bird showing in the photo. With GoChirp, we hope to further the understanding of interaction design for connecting people with nature and inspire designers to consider the role of always-available technology in supporting human-nature interaction.",http://dx.doi.org/10.1145/3528575.3551435,UI.UX,Y,"CNN, RNN for audio for UX",
549,User Feedback Design in AI-Driven Mood Tracker Mobile Apps,"Chu, Hsi Yuan; Shen, Yvette","HUMAN-COMPUTER INTERACTION: USER EXPERIENCE AND BEHAVIOR, PT III",2022,"AI-driven civilian healthcare systems can offer personalized mental health care to more people. When users provide feedback to the system, they can influence the results of the AI models and improve their user experiences over time. In this study, we investigate feedback designs in mood tracker apps and identify feedback implementation opportunities through the lens of user experience and user interface design. We reviewed the feedback designs on popular mood tracker apps and discovered that the feedback mechanisms were not regularly implemented in all stages of tracking moods. To explore feedback design opportunities in line with user actions, usermindsets, and user emotions, a journey map was developed to visualize the interaction with a mood tracker app from the user perspective. Based on the journey map, a mood tracker app prototype was created for the purpose of user testing. The preliminary user testing results validated some feedback design recommendations that highlight the human-centered design approach of crafting user experiences that leverage AI.",http://dx.doi.org/10.1007/978-3-031-05412-9_24,UI.UX,Y,Reinforcement leanring for UX,
598,Boundary-Aware Supervoxel-Level Iteratively Refined Interactive 3D Image Segmentation With Multi-Agent Reinforcement Learning,"Ma, Chaofan; Xu, Qisen; Wang, Xiangfeng; Jin, Bo; Zhang, Xiaoyun; Wang, Yanfeng; Zhang, Ya",IEEE TRANSACTIONS ON MEDICAL IMAGING,2021,"Interactive segmentation has recently been explored to effectively and efficiently harvest high-quality segmentation masks by iteratively incorporating user hints. While iterative in nature, most existing interactive segmentation methods tend to ignore the dynamics of successive interactions and take each interaction independently. We here propose to model iterative interactive image segmentation with a Markov decision process (MDP) and solve it with reinforcement learning (RL) where each voxel is treated as an agent. Considering the large exploration space for voxel-wise prediction and the dependence among neighboring voxels for the segmentation tasks, multi-agent reinforcement learning is adopted, where the voxel-level policy is shared among agents. Considering that boundary voxels are more important for segmentation, we further introduce a boundary-aware reward, which consists of a global reward in the form of relative cross-entropy gain, to update the policy in a constrained direction, and a boundary reward in the form of relative weight, to emphasize the correctness of boundary predictions. To combine the advantages of different types of interactions, i. e., simple and efficient for point-clicking, and stable and robust for scribbles, we propose a supervoxel-clicking based interaction design. Experimental results on four benchmark datasets have shown that the proposed method significantly outperforms the state-of-the-arts, with the advantage of fewer interactions, higher accuracy, and enhanced robustness.",http://dx.doi.org/10.1109/TMI.2020.3048477,UI.UX,Y,markove decision process (MDP) for interactive design,
122,AI driven human-computer interaction design framework of virtual environment based on comprehensive semantic data analysis with feature extraction,"Li, Kunyu; Li, Xunxiang",INTERNATIONAL JOURNAL OF SPEECH TECHNOLOGY,2022,"The most basic and important attributes of virtual reality (VR) are immersion, interactivity and creativity. For this young media, the continuous development and change and the exploration of content are the current situation of VR art. The arrival of 5G communication technology provides an important foundation for the popularization of VR technology. The rapid development of technology and hardware rewrites and expands the possibility of VR art design expression at any time. As the latest technology of natural human-computer interaction, somatosensory interaction technology enables users to interact with computers directly through body movements, gestures, etc., and control the environment at will. Its core value lies in that it not only enables the computer to have more accurate and effective eyes to observe the world, not only to understand human body language, but also to complete various instructions according to the body language, to achieve real-time interaction with people. Gesture, as a common communication mode with the ability of information expression, has the advantages of intuitionistic, natural and easy to understand. Therefore, the somatosensory interaction technology based on gesture recognition has become an effective means of natural human-computer interaction. With the rapid development of key technologies of VR, VR has been widely used in games, fitness, real estate, education, film and television and other industries. In recent years, VR systems are everywhere, including virtual home decoration system, virtual panoramic VR live broadcasting system, virtual fitness system, etc. The design and implementation of this VR system mainly includes four parts: scene modeling, rendering and rendering, performance and interaction, and network application. Based on this, this paper uses the comprehensive data analysis technology to build the human-computer interaction design model in the virtual environment. The AI and speech information are combined to perform the optimal analysis.",http://dx.doi.org/10.1007/s10772-021-09954-5,UI.UX,Y,dnn for HCI,
126,Conversations in the Cloud: Crafting Harmony in AliCloud Computing Interaction Design,"Huang, Xintong; Chen, Yiqi; Qiu, Dan; Zhou, Xuan; Fang, Yuzhe; Liu, Yiyang; Wu, Zeyu; Zhang, Zhongbo; Rong, Qu; Wang, Tianyu; Wu, Xiaofan; Liu, Mengke; Yang, Yuwei; Wang, Xiang; Li, Chenyu; Wen, Jiazhi; Sun, Shihua; Liu, Wei","DESIGN, USER EXPERIENCE, AND USABILITY, DUXU 2024, PT I",2024,"With the rapid development of cloud services, it has become the core driving force for innovation and business development in the digital era. The emerging technology of cloud computing has transformed cloud services from simple resource providers into comprehensive ecosystems, offering users unprecedented convenience, flexibility, and efficiency. In this context, this project focuses on the application of conversational interaction design in the field of cloud services, aiming to enhance the user interface and provide a more convenient and comfortable user experience (UX). Conversational interaction design, based on human-computer interaction (HCI), aims to deliver a more natural, intuitive, and personalized UX. By integrating artificial intelligence technology with cloud services, an intelligent conversational interface is created, allowing users to interact, manage, and optimize cloud services effortlessly. Through in-depth research and practical implementation, this project explores the diversity of user needs to ensure that conversational interaction design can meet the requirements of different user groups.",http://dx.doi.org/10.1007/978-3-031-61351-7_4,UI.UX,Y,conversational ai for UI/UX,
130,Vehicle Multi-sensory User Interaction Design Research Based on MINDS Methods,"Wu, Qianqian; Zhang, Zhang",ADVANCES IN HUMAN FACTORS AND SYSTEMS INTERACTION,2020,"With the Development of Artificial Intelligence, there are different ways to interact with vehicles besides graphical user interface (GUI). Technology such as speech recognition, gesture recognition, facial expression recognition, and gaze tracking has gradually gained application in vehicle interaction. The advances in autonomous driving technology will also lead to the transformation of vehicle functions from transportation to multi-sensory space. Users can get a comprehensive experience based on sight, hearing, touch, taste and smell in future vehicles. Therefore, an exploration of the future vehicle interaction design combined with vehicle technology is needed. The objective of this paper is to deliver a vehicle multi-sensory user interaction design model based on the MINDS method [1]. This paper starts with the function analysis based on user requirement. On this basis, a connection between user and innovative services can be illustrated which enhances the user experience. Then an interaction sketch offered a detailed view of how users interact with vehicles and how technology impacts interaction. Finally, a new vehicle interaction model can be created by integrating the scenarios, technology, and users.",http://dx.doi.org/10.1007/978-3-030-20040-4_40,UI.UX,Y,"dnn, lstm for interaction design",
131,GANSpiration: Balancing Targeted and Serendipitous Inspiration in User Interface Design with Style-Based Generative Adversarial Network,"Mozaffari, Mohammad Amin; Zhang, Xinyuan; Cheng, Jinghui; Guo, Jin L. C.",PROCEEDINGS OF THE 2022 CHI CONFERENCE ON HUMAN FACTORS IN COMPUTING SYSTEMS (CHI' 22),2022,"Inspiration from design examples plays a crucial role in the creative process of user interface design. However, current tools and techniques that support inspiration usually only focus on example browsing with limited user control or similarity-based example retrieval, leading to undesirable design outcomes such as focus drift and design fxation. To address these issues, we propose the GANSpiration approach that suggests design examples for both targeted and serendipitous inspiration, leveraging a style-based Generative Adversarial Network. A quantitative evaluation revealed that the outputs of GANSpiration-based example suggestion approaches are relevant to the input design, and at the same time include diverse instances. A user study with professional UI/UX practitioners showed that the examples suggested by our approach serve as viable sources of inspiration for overall design concepts and specifc design elements. Overall, our work paves the road of using advanced generative machine learning techniques in supporting the creative design practice.",http://dx.doi.org/10.1145/3491102.3517511,UI.UX,Y,GAN for conceptual design,
137,Enhancing Human-AI (H-AI) Collaboration On Design Tasks Using An Interactive Text/Voice Artificial Intelligence (AI) Agent,"Makokha, Joseph M.",PROCEEDINGS OF THE WORKING CONFERENCE ON ADVANCED VISUAL INTERFACES AVI 2022,2022,"In this presentation, we demonstrate a way to develop a class of AI systems, the Disruptive Interjector (DI), which observe what a human is doing, then interject with suggestions that aid in idea generation or problem solving in a human-AI (H-AI) team; something that goes beyond current creativity support systems by replacing a human-human (H-H) team with a H-AI one. The proposed DI is distinct from tutors, chatbots, recommenders and other similar systems since they seek to diverge from a solution (rather than converge towards one) by encouraging consideration of other possibilities. We develop a conceptual design of the system, then present examples from deep Convolution Neural Networks[1, 7] learning models. The first example shows results from a model that was trained on an open-source dataset (publicly available online) of a community technical support chat transcripts, while the second one was trained on a design-focused dataset obtained from transcripts of experts engaged in engineering design problem solving (unavailable publicly). Based on the results from these models, we propose the necessary improvements on models and training datasets that must be resolved in order to achieve usable and reliable collaborative text/voice systems that fall in this class of AI systems.",http://dx.doi.org/10.1145/3531073.3534478,UI.UX,Y,CNN for HCI/UX,
144,Machine Learning Based User Interface Generation,"Mistry, Mihir; Apte, Ameya; Ghodake, Varad; Mane, S. B.","INTELLIGENT COMPUTING, INFORMATION AND CONTROL SYSTEMS, ICICCS 2019",2020,"Every product development starts with idea conceptualization and design. The ideators and designers first choice is sketching the idea to conceptualize the product. After a few iterations of product design, mockups/prototypes are passed to developers who have the job of converting these designs into a functional product by grasping the design concepts and using their coding skills. Utilizing the advancements in deep learning and computer vision technologies, gap between designers and developers is bridged by simplifying the product development process. This will also help people with little or no knowledge of web development to bring their design ideas into reality. The service will consist of two stages firstly accepting images of web mockups including hand-drawn sketches and identifying the various HTML components in the sketch using Convolutional Neural Networks and tag them appropriately, secondly, the identified components will be converted to structured JSON files which will be converted to code based on HTML5, Flexbox and Bootstrap.",http://dx.doi.org/10.1007/978-3-030-30465-2_50,UI.UX,Y,CNN for UI design,
160,Interaction Design With Multi-Objective Bayesian Optimization,"Liao, Yi-Chi; Dudley, John J.; Mo, George B.; Cheng, Chun-Lien; Chan, Liwei; Oulasvirta, Antti; Kristensson, Per Ola",IEEE PERVASIVE COMPUTING,2023,"Interaction design typically involves challenging decision making that requires designers to consider multiple parameters and careful tradeoffs between various objectives. This article examines how AI can facilitate the process of interaction design by offloading some of the complex decision making required of designers. We study how multi-objective Bayesian optimization can be used to support designers when creating a tactile display for smart watches. We present the results of a study that explores how such human-AI collaboration afforded by multi-objective Bayesian optimization can be exploited by designers, and the advantages and disadvantages this solution offers over conventional design practice.",http://dx.doi.org/10.1109/MPRV.2022.3230597,UI.UX,Y,meta-heuristicis for interaction design,
187,A Checklist for the Usability Evaluation of Artificial Intelligence (AI) mHealth Applications Graphical User Interface,"Tu, Chanjuan; Russo, Alessia; Zhang, Ying","DESIGN, USER EXPERIENCE, AND USABILITY, DUXU 2024, PT I",2024,"The download rate of AI mobile health (mHealth) apps has increased rapidly, and there are many usability evaluation studies based on mobile apps, but few studies have been conducted on the usability of AI mHealth applications. This study aims to develop a task-based usability checklist based on heuristic evaluation based on the opinions of AI mobile health app user interface (UI) practitioners. This study was divided into two phases. The first phase of the study developed a hierarchical structure of graphical user interface design elements and usability principles related to AI mHealth applications, which used to develop the visual checklist for the usability evaluation. In order to demonstrate the practical effectiveness of the proposed checklist, the second phase of the study makes the usability evaluation with the checklist in AI m-Health application. Thirty user interface practitioners were recruited for this test, and they will use a visual checklist to evaluate the usability of AI GUIs in mHealth applications. The results showed that this usability checklist identified most of the usability issues and considerations that should be taken into account when developing AI mHealth, especially the usability of conversational AI and chatbot. This facilitates the study of potential ways to standardize AI GUIs to enhance the user experience in AI mHealth applications. The usability checklist proposed in this study is expected to be used quickly and effectively by usability practitioners for user interface evaluation during AI m-Health application development.",http://dx.doi.org/10.1007/978-3-031-61351-7_23,UI.UX,Y,LLM for GUI/HCI,
266,User emotion recognition and indoor space interaction design: a CNN model optimized by multimodal weighted networks,"Zhang, Lingyu",PEERJ COMPUTER SCIENCE,2024,"In interior interaction design, achieving intelligent user-interior interaction is contingent upon understanding the user's emotional responses. Precise identification of the user's visual emotions holds paramount importance. Current visual emotion recognition methods rely solely on singular features, predominantly facial expressions, resulting in inadequate coverage of visual characteristics and low recognition rates. This study introduces a deep learning-based multimodal weighting network model to address this challenge. The model initiates with a convolutional attention module, employing a self-attention mechanism within a convolutional neural network (CNN). As a result, the multimodal weighting network model is integrated to optimize weights during training. Finally, a weight network classifier is derived from these optimized weights to facilitate visual emotion recognition. Experimental outcomes reveal a 77.057% correctness rate and a 74.75% accuracy rate in visual emotion recognition. Comparative analysis against existing models demonstrates the superiority of the multimodal weight network model, showcasing its potential to enhance human-centric and intelligent indoor interaction design.",http://dx.doi.org/10.7717/peerj-cs.2450,UI.UX,Y,CNN for interior interaction design,
386,Understanding AI-Generated Personal Narratives as Design Material for Socially Engaging Things,"Cho, Hyungjun; Yun, Gyeongwon; Lee, JiYeon; Nam, Tek-Jin","WITH DESIGN: REINVENTING DESIGN MODES, IASDR 2021",2022,"Requirements of interaction design are becoming increasingly sophisticated and complex. Interaction designers should consider not only usability, intuitiveness, and aesthetics but also the quality of the social experience of interactive things. However, traditional design approaches for social experiences have limitations in terms of sustainability, diversity of outcomes, and adaptability. In this paper, we propose utilizing AI-generated personal narratives as new material for socially engaging things and share our understanding of it from a user study. We first generated and qualitatively analyzed 100 different personal narratives to understand the diversity of AI-generated personal narratives and derived 20 types as a result. We developed a software prototype generating personal narratives. We then conducted a user study using the prototype of sharing platform and the representative cases of each type and investigated user experiences through in-depth interviews. Our findings show that an AI-generated personal narrative reframes the relationship between people and things as if there were social relationships between people and people. People perceived the thing as a social entity. Depending on the contents of the narrative, they felt intimate or distant. Finally, we discuss the requirements and make suggestions for AI-generated personal narratives to provide a satisfactory social experience.",http://dx.doi.org/10.1007/978-981-19-4472-7_75,"UI.UX, SERVICE",Y,gemeratove ai for interaction design,
