AI Method,Design Task,Count,Gap Type
Deep models,???,0,Empty
Deep models,Automatic UI design evaluation,0,Empty
Deep models,Converstional interface design,0,Empty
Deep models,Define,1,Low
Deep models,Define / Develop,1,Low
Deep models,Delivery,0,Empty
Deep models,Develop,2,Low
Deep models,"Develop, conversion",1,Low
Deep models,Developing emotion recognition systems with better user interaction,0,Empty
Deep models,Discovery,0,Empty
Deep models,Emotion design,0,Empty
Deep models,Evaluation of HCI system,0,Empty
Deep models,Evaluation of UI design (user response time-based),0,Empty
Deep models,HCI for feedback interface,0,Empty
Deep models,Residents service design,0,Empty
Deep models,adaptive HCI design,0,Empty
Deep models,define,0,Empty
Deep models,define ,0,Empty
Deep models,"define, develop",0,Empty
Deep models,develop,1,Low
Deep models,develop ,0,Empty
Deep models,develope,0,Empty
Deep models,dfine,0,Empty
Deep models,discover,0,Empty
Deep models,discovery,0,Empty
Deep models,"discovery, define",0,Empty
Deep models (CNN),???,0,Empty
Deep models (CNN),Automatic UI design evaluation,0,Empty
Deep models (CNN),Converstional interface design,0,Empty
Deep models (CNN),Define,0,Empty
Deep models (CNN),Define / Develop,0,Empty
Deep models (CNN),Delivery,0,Empty
Deep models (CNN),Develop,2,Low
Deep models (CNN),"Develop, conversion",0,Empty
Deep models (CNN),Developing emotion recognition systems with better user interaction,0,Empty
Deep models (CNN),Discovery,0,Empty
Deep models (CNN),Emotion design,0,Empty
Deep models (CNN),Evaluation of HCI system,0,Empty
Deep models (CNN),Evaluation of UI design (user response time-based),0,Empty
Deep models (CNN),HCI for feedback interface,0,Empty
Deep models (CNN),Residents service design,0,Empty
Deep models (CNN),adaptive HCI design,0,Empty
Deep models (CNN),define,0,Empty
Deep models (CNN),define ,0,Empty
Deep models (CNN),"define, develop",0,Empty
Deep models (CNN),develop,1,Low
Deep models (CNN),develop ,0,Empty
Deep models (CNN),develope,0,Empty
Deep models (CNN),dfine,0,Empty
Deep models (CNN),discover,0,Empty
Deep models (CNN),discovery,0,Empty
Deep models (CNN),"discovery, define",0,Empty
Deep models (Convolutional Neural Networks),???,0,Empty
Deep models (Convolutional Neural Networks),Automatic UI design evaluation,0,Empty
Deep models (Convolutional Neural Networks),Converstional interface design,0,Empty
Deep models (Convolutional Neural Networks),Define,0,Empty
Deep models (Convolutional Neural Networks),Define / Develop,0,Empty
Deep models (Convolutional Neural Networks),Delivery,0,Empty
Deep models (Convolutional Neural Networks),Develop,1,Low
Deep models (Convolutional Neural Networks),"Develop, conversion",0,Empty
Deep models (Convolutional Neural Networks),Developing emotion recognition systems with better user interaction,0,Empty
Deep models (Convolutional Neural Networks),Discovery,0,Empty
Deep models (Convolutional Neural Networks),Emotion design,0,Empty
Deep models (Convolutional Neural Networks),Evaluation of HCI system,0,Empty
Deep models (Convolutional Neural Networks),Evaluation of UI design (user response time-based),0,Empty
Deep models (Convolutional Neural Networks),HCI for feedback interface,0,Empty
Deep models (Convolutional Neural Networks),Residents service design,0,Empty
Deep models (Convolutional Neural Networks),adaptive HCI design,0,Empty
Deep models (Convolutional Neural Networks),define,0,Empty
Deep models (Convolutional Neural Networks),define ,0,Empty
Deep models (Convolutional Neural Networks),"define, develop",0,Empty
Deep models (Convolutional Neural Networks),develop,0,Empty
Deep models (Convolutional Neural Networks),develop ,0,Empty
Deep models (Convolutional Neural Networks),develope,0,Empty
Deep models (Convolutional Neural Networks),dfine,0,Empty
Deep models (Convolutional Neural Networks),discover,0,Empty
Deep models (Convolutional Neural Networks),discovery,0,Empty
Deep models (Convolutional Neural Networks),"discovery, define",0,Empty
Deep models (ELMo),???,0,Empty
Deep models (ELMo),Automatic UI design evaluation,0,Empty
Deep models (ELMo),Converstional interface design,0,Empty
Deep models (ELMo),Define,1,Low
Deep models (ELMo),Define / Develop,0,Empty
Deep models (ELMo),Delivery,0,Empty
Deep models (ELMo),Develop,0,Empty
Deep models (ELMo),"Develop, conversion",0,Empty
Deep models (ELMo),Developing emotion recognition systems with better user interaction,0,Empty
Deep models (ELMo),Discovery,0,Empty
Deep models (ELMo),Emotion design,0,Empty
Deep models (ELMo),Evaluation of HCI system,0,Empty
Deep models (ELMo),Evaluation of UI design (user response time-based),0,Empty
Deep models (ELMo),HCI for feedback interface,0,Empty
Deep models (ELMo),Residents service design,0,Empty
Deep models (ELMo),adaptive HCI design,0,Empty
Deep models (ELMo),define,0,Empty
Deep models (ELMo),define ,0,Empty
Deep models (ELMo),"define, develop",0,Empty
Deep models (ELMo),develop,0,Empty
Deep models (ELMo),develop ,0,Empty
Deep models (ELMo),develope,0,Empty
Deep models (ELMo),dfine,0,Empty
Deep models (ELMo),discover,0,Empty
Deep models (ELMo),discovery,0,Empty
Deep models (ELMo),"discovery, define",0,Empty
Deep models (artificial neural networks),???,0,Empty
Deep models (artificial neural networks),Automatic UI design evaluation,0,Empty
Deep models (artificial neural networks),Converstional interface design,0,Empty
Deep models (artificial neural networks),Define,0,Empty
Deep models (artificial neural networks),Define / Develop,0,Empty
Deep models (artificial neural networks),Delivery,0,Empty
Deep models (artificial neural networks),Develop,0,Empty
Deep models (artificial neural networks),"Develop, conversion",0,Empty
Deep models (artificial neural networks),Developing emotion recognition systems with better user interaction,0,Empty
Deep models (artificial neural networks),Discovery,1,Low
Deep models (artificial neural networks),Emotion design,0,Empty
Deep models (artificial neural networks),Evaluation of HCI system,0,Empty
Deep models (artificial neural networks),Evaluation of UI design (user response time-based),0,Empty
Deep models (artificial neural networks),HCI for feedback interface,0,Empty
Deep models (artificial neural networks),Residents service design,0,Empty
Deep models (artificial neural networks),adaptive HCI design,0,Empty
Deep models (artificial neural networks),define,0,Empty
Deep models (artificial neural networks),define ,0,Empty
Deep models (artificial neural networks),"define, develop",0,Empty
Deep models (artificial neural networks),develop,0,Empty
Deep models (artificial neural networks),develop ,0,Empty
Deep models (artificial neural networks),develope,0,Empty
Deep models (artificial neural networks),dfine,0,Empty
Deep models (artificial neural networks),discover,0,Empty
Deep models (artificial neural networks),discovery,0,Empty
Deep models (artificial neural networks),"discovery, define",0,Empty
Deep models (computer vision pre-trained models),???,0,Empty
Deep models (computer vision pre-trained models),Automatic UI design evaluation,0,Empty
Deep models (computer vision pre-trained models),Converstional interface design,0,Empty
Deep models (computer vision pre-trained models),Define,0,Empty
Deep models (computer vision pre-trained models),Define / Develop,0,Empty
Deep models (computer vision pre-trained models),Delivery,0,Empty
Deep models (computer vision pre-trained models),Develop,1,Low
Deep models (computer vision pre-trained models),"Develop, conversion",0,Empty
Deep models (computer vision pre-trained models),Developing emotion recognition systems with better user interaction,0,Empty
Deep models (computer vision pre-trained models),Discovery,0,Empty
Deep models (computer vision pre-trained models),Emotion design,0,Empty
Deep models (computer vision pre-trained models),Evaluation of HCI system,0,Empty
Deep models (computer vision pre-trained models),Evaluation of UI design (user response time-based),0,Empty
Deep models (computer vision pre-trained models),HCI for feedback interface,0,Empty
Deep models (computer vision pre-trained models),Residents service design,0,Empty
Deep models (computer vision pre-trained models),adaptive HCI design,0,Empty
Deep models (computer vision pre-trained models),define,0,Empty
Deep models (computer vision pre-trained models),define ,0,Empty
Deep models (computer vision pre-trained models),"define, develop",0,Empty
Deep models (computer vision pre-trained models),develop,0,Empty
Deep models (computer vision pre-trained models),develop ,0,Empty
Deep models (computer vision pre-trained models),develope,0,Empty
Deep models (computer vision pre-trained models),dfine,0,Empty
Deep models (computer vision pre-trained models),discover,0,Empty
Deep models (computer vision pre-trained models),discovery,0,Empty
Deep models (computer vision pre-trained models),"discovery, define",0,Empty
Deep models in CV,???,0,Empty
Deep models in CV,Automatic UI design evaluation,1,Low
Deep models in CV,Converstional interface design,0,Empty
Deep models in CV,Define,0,Empty
Deep models in CV,Define / Develop,0,Empty
Deep models in CV,Delivery,0,Empty
Deep models in CV,Develop,0,Empty
Deep models in CV,"Develop, conversion",0,Empty
Deep models in CV,Developing emotion recognition systems with better user interaction,0,Empty
Deep models in CV,Discovery,0,Empty
Deep models in CV,Emotion design,1,Low
Deep models in CV,Evaluation of HCI system,0,Empty
Deep models in CV,Evaluation of UI design (user response time-based),1,Low
Deep models in CV,HCI for feedback interface,0,Empty
Deep models in CV,Residents service design,1,Low
Deep models in CV,adaptive HCI design,0,Empty
Deep models in CV,define,0,Empty
Deep models in CV,define ,0,Empty
Deep models in CV,"define, develop",0,Empty
Deep models in CV,develop,0,Empty
Deep models in CV,develop ,0,Empty
Deep models in CV,develope,0,Empty
Deep models in CV,dfine,0,Empty
Deep models in CV,discover,0,Empty
Deep models in CV,discovery,0,Empty
Deep models in CV,"discovery, define",0,Empty
"Deep models, Exploratory data analysis",???,0,Empty
"Deep models, Exploratory data analysis",Automatic UI design evaluation,0,Empty
"Deep models, Exploratory data analysis",Converstional interface design,0,Empty
"Deep models, Exploratory data analysis",Define,0,Empty
"Deep models, Exploratory data analysis",Define / Develop,0,Empty
"Deep models, Exploratory data analysis",Delivery,0,Empty
"Deep models, Exploratory data analysis",Develop,0,Empty
"Deep models, Exploratory data analysis","Develop, conversion",0,Empty
"Deep models, Exploratory data analysis",Developing emotion recognition systems with better user interaction,0,Empty
"Deep models, Exploratory data analysis",Discovery,0,Empty
"Deep models, Exploratory data analysis",Emotion design,0,Empty
"Deep models, Exploratory data analysis",Evaluation of HCI system,0,Empty
"Deep models, Exploratory data analysis",Evaluation of UI design (user response time-based),0,Empty
"Deep models, Exploratory data analysis",HCI for feedback interface,0,Empty
"Deep models, Exploratory data analysis",Residents service design,0,Empty
"Deep models, Exploratory data analysis",adaptive HCI design,0,Empty
"Deep models, Exploratory data analysis",define,1,Low
"Deep models, Exploratory data analysis",define ,1,Low
"Deep models, Exploratory data analysis","define, develop",0,Empty
"Deep models, Exploratory data analysis",develop,0,Empty
"Deep models, Exploratory data analysis",develop ,0,Empty
"Deep models, Exploratory data analysis",develope,0,Empty
"Deep models, Exploratory data analysis",dfine,0,Empty
"Deep models, Exploratory data analysis",discover,0,Empty
"Deep models, Exploratory data analysis",discovery,0,Empty
"Deep models, Exploratory data analysis","discovery, define",0,Empty
"Deep models, traditional ml",???,0,Empty
"Deep models, traditional ml",Automatic UI design evaluation,0,Empty
"Deep models, traditional ml",Converstional interface design,0,Empty
"Deep models, traditional ml",Define,0,Empty
"Deep models, traditional ml",Define / Develop,0,Empty
"Deep models, traditional ml",Delivery,0,Empty
"Deep models, traditional ml",Develop,0,Empty
"Deep models, traditional ml","Develop, conversion",0,Empty
"Deep models, traditional ml",Developing emotion recognition systems with better user interaction,0,Empty
"Deep models, traditional ml",Discovery,0,Empty
"Deep models, traditional ml",Emotion design,0,Empty
"Deep models, traditional ml",Evaluation of HCI system,0,Empty
"Deep models, traditional ml",Evaluation of UI design (user response time-based),0,Empty
"Deep models, traditional ml",HCI for feedback interface,0,Empty
"Deep models, traditional ml",Residents service design,0,Empty
"Deep models, traditional ml",adaptive HCI design,0,Empty
"Deep models, traditional ml",define,0,Empty
"Deep models, traditional ml",define ,0,Empty
"Deep models, traditional ml","define, develop",0,Empty
"Deep models, traditional ml",develop,2,Low
"Deep models, traditional ml",develop ,0,Empty
"Deep models, traditional ml",develope,0,Empty
"Deep models, traditional ml",dfine,0,Empty
"Deep models, traditional ml",discover,0,Empty
"Deep models, traditional ml",discovery,0,Empty
"Deep models, traditional ml","discovery, define",0,Empty
Exploratory data analysis,???,0,Empty
Exploratory data analysis,Automatic UI design evaluation,0,Empty
Exploratory data analysis,Converstional interface design,0,Empty
Exploratory data analysis,Define,0,Empty
Exploratory data analysis,Define / Develop,0,Empty
Exploratory data analysis,Delivery,1,Low
Exploratory data analysis,Develop,1,Low
Exploratory data analysis,"Develop, conversion",0,Empty
Exploratory data analysis,Developing emotion recognition systems with better user interaction,0,Empty
Exploratory data analysis,Discovery,1,Low
Exploratory data analysis,Emotion design,0,Empty
Exploratory data analysis,Evaluation of HCI system,0,Empty
Exploratory data analysis,Evaluation of UI design (user response time-based),0,Empty
Exploratory data analysis,HCI for feedback interface,0,Empty
Exploratory data analysis,Residents service design,0,Empty
Exploratory data analysis,adaptive HCI design,0,Empty
Exploratory data analysis,define,0,Empty
Exploratory data analysis,define ,0,Empty
Exploratory data analysis,"define, develop",0,Empty
Exploratory data analysis,develop,0,Empty
Exploratory data analysis,develop ,0,Empty
Exploratory data analysis,develope,0,Empty
Exploratory data analysis,dfine,0,Empty
Exploratory data analysis,discover,0,Empty
Exploratory data analysis,discovery,1,Low
Exploratory data analysis,"discovery, define",0,Empty
Gen AI,???,0,Empty
Gen AI,Automatic UI design evaluation,0,Empty
Gen AI,Converstional interface design,0,Empty
Gen AI,Define,0,Empty
Gen AI,Define / Develop,0,Empty
Gen AI,Delivery,0,Empty
Gen AI,Develop,2,Low
Gen AI,"Develop, conversion",0,Empty
Gen AI,Developing emotion recognition systems with better user interaction,0,Empty
Gen AI,Discovery,0,Empty
Gen AI,Emotion design,0,Empty
Gen AI,Evaluation of HCI system,0,Empty
Gen AI,Evaluation of UI design (user response time-based),0,Empty
Gen AI,HCI for feedback interface,0,Empty
Gen AI,Residents service design,0,Empty
Gen AI,adaptive HCI design,0,Empty
Gen AI,define,0,Empty
Gen AI,define ,0,Empty
Gen AI,"define, develop",0,Empty
Gen AI,develop,0,Empty
Gen AI,develop ,0,Empty
Gen AI,develope,0,Empty
Gen AI,dfine,0,Empty
Gen AI,discover,0,Empty
Gen AI,discovery,0,Empty
Gen AI,"discovery, define",0,Empty
Gen AI (Azure Open AI),???,0,Empty
Gen AI (Azure Open AI),Automatic UI design evaluation,0,Empty
Gen AI (Azure Open AI),Converstional interface design,0,Empty
Gen AI (Azure Open AI),Define,0,Empty
Gen AI (Azure Open AI),Define / Develop,0,Empty
Gen AI (Azure Open AI),Delivery,0,Empty
Gen AI (Azure Open AI),Develop,1,Low
Gen AI (Azure Open AI),"Develop, conversion",0,Empty
Gen AI (Azure Open AI),Developing emotion recognition systems with better user interaction,0,Empty
Gen AI (Azure Open AI),Discovery,0,Empty
Gen AI (Azure Open AI),Emotion design,0,Empty
Gen AI (Azure Open AI),Evaluation of HCI system,0,Empty
Gen AI (Azure Open AI),Evaluation of UI design (user response time-based),0,Empty
Gen AI (Azure Open AI),HCI for feedback interface,0,Empty
Gen AI (Azure Open AI),Residents service design,0,Empty
Gen AI (Azure Open AI),adaptive HCI design,0,Empty
Gen AI (Azure Open AI),define,0,Empty
Gen AI (Azure Open AI),define ,0,Empty
Gen AI (Azure Open AI),"define, develop",0,Empty
Gen AI (Azure Open AI),develop,0,Empty
Gen AI (Azure Open AI),develop ,0,Empty
Gen AI (Azure Open AI),develope,0,Empty
Gen AI (Azure Open AI),dfine,0,Empty
Gen AI (Azure Open AI),discover,0,Empty
Gen AI (Azure Open AI),discovery,0,Empty
Gen AI (Azure Open AI),"discovery, define",0,Empty
Gen AI (Conversational AI/Chatbots),???,0,Empty
Gen AI (Conversational AI/Chatbots),Automatic UI design evaluation,0,Empty
Gen AI (Conversational AI/Chatbots),Converstional interface design,0,Empty
Gen AI (Conversational AI/Chatbots),Define,1,Low
Gen AI (Conversational AI/Chatbots),Define / Develop,0,Empty
Gen AI (Conversational AI/Chatbots),Delivery,0,Empty
Gen AI (Conversational AI/Chatbots),Develop,0,Empty
Gen AI (Conversational AI/Chatbots),"Develop, conversion",0,Empty
Gen AI (Conversational AI/Chatbots),Developing emotion recognition systems with better user interaction,0,Empty
Gen AI (Conversational AI/Chatbots),Discovery,0,Empty
Gen AI (Conversational AI/Chatbots),Emotion design,0,Empty
Gen AI (Conversational AI/Chatbots),Evaluation of HCI system,0,Empty
Gen AI (Conversational AI/Chatbots),Evaluation of UI design (user response time-based),0,Empty
Gen AI (Conversational AI/Chatbots),HCI for feedback interface,0,Empty
Gen AI (Conversational AI/Chatbots),Residents service design,0,Empty
Gen AI (Conversational AI/Chatbots),adaptive HCI design,0,Empty
Gen AI (Conversational AI/Chatbots),define,0,Empty
Gen AI (Conversational AI/Chatbots),define ,0,Empty
Gen AI (Conversational AI/Chatbots),"define, develop",0,Empty
Gen AI (Conversational AI/Chatbots),develop,0,Empty
Gen AI (Conversational AI/Chatbots),develop ,0,Empty
Gen AI (Conversational AI/Chatbots),develope,0,Empty
Gen AI (Conversational AI/Chatbots),dfine,0,Empty
Gen AI (Conversational AI/Chatbots),discover,0,Empty
Gen AI (Conversational AI/Chatbots),discovery,0,Empty
Gen AI (Conversational AI/Chatbots),"discovery, define",0,Empty
"Gen AI (LLMs, GPT-4, Claude-3, LLaMA)",???,0,Empty
"Gen AI (LLMs, GPT-4, Claude-3, LLaMA)",Automatic UI design evaluation,0,Empty
"Gen AI (LLMs, GPT-4, Claude-3, LLaMA)",Converstional interface design,0,Empty
"Gen AI (LLMs, GPT-4, Claude-3, LLaMA)",Define,0,Empty
"Gen AI (LLMs, GPT-4, Claude-3, LLaMA)",Define / Develop,0,Empty
"Gen AI (LLMs, GPT-4, Claude-3, LLaMA)",Delivery,0,Empty
"Gen AI (LLMs, GPT-4, Claude-3, LLaMA)",Develop,1,Low
"Gen AI (LLMs, GPT-4, Claude-3, LLaMA)","Develop, conversion",0,Empty
"Gen AI (LLMs, GPT-4, Claude-3, LLaMA)",Developing emotion recognition systems with better user interaction,0,Empty
"Gen AI (LLMs, GPT-4, Claude-3, LLaMA)",Discovery,0,Empty
"Gen AI (LLMs, GPT-4, Claude-3, LLaMA)",Emotion design,0,Empty
"Gen AI (LLMs, GPT-4, Claude-3, LLaMA)",Evaluation of HCI system,0,Empty
"Gen AI (LLMs, GPT-4, Claude-3, LLaMA)",Evaluation of UI design (user response time-based),0,Empty
"Gen AI (LLMs, GPT-4, Claude-3, LLaMA)",HCI for feedback interface,0,Empty
"Gen AI (LLMs, GPT-4, Claude-3, LLaMA)",Residents service design,0,Empty
"Gen AI (LLMs, GPT-4, Claude-3, LLaMA)",adaptive HCI design,0,Empty
"Gen AI (LLMs, GPT-4, Claude-3, LLaMA)",define,0,Empty
"Gen AI (LLMs, GPT-4, Claude-3, LLaMA)",define ,0,Empty
"Gen AI (LLMs, GPT-4, Claude-3, LLaMA)","define, develop",0,Empty
"Gen AI (LLMs, GPT-4, Claude-3, LLaMA)",develop,0,Empty
"Gen AI (LLMs, GPT-4, Claude-3, LLaMA)",develop ,0,Empty
"Gen AI (LLMs, GPT-4, Claude-3, LLaMA)",develope,0,Empty
"Gen AI (LLMs, GPT-4, Claude-3, LLaMA)",dfine,0,Empty
"Gen AI (LLMs, GPT-4, Claude-3, LLaMA)",discover,0,Empty
"Gen AI (LLMs, GPT-4, Claude-3, LLaMA)",discovery,0,Empty
"Gen AI (LLMs, GPT-4, Claude-3, LLaMA)","discovery, define",0,Empty
"Gen AI (LLMs, generative AI)",???,0,Empty
"Gen AI (LLMs, generative AI)",Automatic UI design evaluation,0,Empty
"Gen AI (LLMs, generative AI)",Converstional interface design,0,Empty
"Gen AI (LLMs, generative AI)",Define,2,Low
"Gen AI (LLMs, generative AI)",Define / Develop,0,Empty
"Gen AI (LLMs, generative AI)",Delivery,0,Empty
"Gen AI (LLMs, generative AI)",Develop,0,Empty
"Gen AI (LLMs, generative AI)","Develop, conversion",0,Empty
"Gen AI (LLMs, generative AI)",Developing emotion recognition systems with better user interaction,0,Empty
"Gen AI (LLMs, generative AI)",Discovery,0,Empty
"Gen AI (LLMs, generative AI)",Emotion design,0,Empty
"Gen AI (LLMs, generative AI)",Evaluation of HCI system,0,Empty
"Gen AI (LLMs, generative AI)",Evaluation of UI design (user response time-based),0,Empty
"Gen AI (LLMs, generative AI)",HCI for feedback interface,0,Empty
"Gen AI (LLMs, generative AI)",Residents service design,0,Empty
"Gen AI (LLMs, generative AI)",adaptive HCI design,0,Empty
"Gen AI (LLMs, generative AI)",define,0,Empty
"Gen AI (LLMs, generative AI)",define ,0,Empty
"Gen AI (LLMs, generative AI)","define, develop",0,Empty
"Gen AI (LLMs, generative AI)",develop,0,Empty
"Gen AI (LLMs, generative AI)",develop ,0,Empty
"Gen AI (LLMs, generative AI)",develope,0,Empty
"Gen AI (LLMs, generative AI)",dfine,0,Empty
"Gen AI (LLMs, generative AI)",discover,0,Empty
"Gen AI (LLMs, generative AI)",discovery,0,Empty
"Gen AI (LLMs, generative AI)","discovery, define",0,Empty
Gen AI (Style-based GAN),???,0,Empty
Gen AI (Style-based GAN),Automatic UI design evaluation,0,Empty
Gen AI (Style-based GAN),Converstional interface design,0,Empty
Gen AI (Style-based GAN),Define,0,Empty
Gen AI (Style-based GAN),Define / Develop,0,Empty
Gen AI (Style-based GAN),Delivery,0,Empty
Gen AI (Style-based GAN),Develop,1,Low
Gen AI (Style-based GAN),"Develop, conversion",0,Empty
Gen AI (Style-based GAN),Developing emotion recognition systems with better user interaction,0,Empty
Gen AI (Style-based GAN),Discovery,0,Empty
Gen AI (Style-based GAN),Emotion design,0,Empty
Gen AI (Style-based GAN),Evaluation of HCI system,0,Empty
Gen AI (Style-based GAN),Evaluation of UI design (user response time-based),0,Empty
Gen AI (Style-based GAN),HCI for feedback interface,0,Empty
Gen AI (Style-based GAN),Residents service design,0,Empty
Gen AI (Style-based GAN),adaptive HCI design,0,Empty
Gen AI (Style-based GAN),define,0,Empty
Gen AI (Style-based GAN),define ,0,Empty
Gen AI (Style-based GAN),"define, develop",0,Empty
Gen AI (Style-based GAN),develop,0,Empty
Gen AI (Style-based GAN),develop ,0,Empty
Gen AI (Style-based GAN),develope,0,Empty
Gen AI (Style-based GAN),dfine,0,Empty
Gen AI (Style-based GAN),discover,0,Empty
Gen AI (Style-based GAN),discovery,0,Empty
Gen AI (Style-based GAN),"discovery, define",0,Empty
Generative AI,???,0,Empty
Generative AI,Automatic UI design evaluation,0,Empty
Generative AI,Converstional interface design,0,Empty
Generative AI,Define,0,Empty
Generative AI,Define / Develop,0,Empty
Generative AI,Delivery,0,Empty
Generative AI,Develop,0,Empty
Generative AI,"Develop, conversion",0,Empty
Generative AI,Developing emotion recognition systems with better user interaction,1,Low
Generative AI,Discovery,0,Empty
Generative AI,Emotion design,0,Empty
Generative AI,Evaluation of HCI system,0,Empty
Generative AI,Evaluation of UI design (user response time-based),0,Empty
Generative AI,HCI for feedback interface,0,Empty
Generative AI,Residents service design,0,Empty
Generative AI,adaptive HCI design,0,Empty
Generative AI,define,0,Empty
Generative AI,define ,0,Empty
Generative AI,"define, develop",0,Empty
Generative AI,develop,0,Empty
Generative AI,develop ,0,Empty
Generative AI,develope,0,Empty
Generative AI,dfine,0,Empty
Generative AI,discover,0,Empty
Generative AI,discovery,0,Empty
Generative AI,"discovery, define",0,Empty
Large generative AI,???,0,Empty
Large generative AI,Automatic UI design evaluation,0,Empty
Large generative AI,Converstional interface design,2,Low
Large generative AI,Define,0,Empty
Large generative AI,Define / Develop,0,Empty
Large generative AI,Delivery,0,Empty
Large generative AI,Develop,0,Empty
Large generative AI,"Develop, conversion",0,Empty
Large generative AI,Developing emotion recognition systems with better user interaction,0,Empty
Large generative AI,Discovery,0,Empty
Large generative AI,Emotion design,0,Empty
Large generative AI,Evaluation of HCI system,0,Empty
Large generative AI,Evaluation of UI design (user response time-based),0,Empty
Large generative AI,HCI for feedback interface,1,Low
Large generative AI,Residents service design,0,Empty
Large generative AI,adaptive HCI design,0,Empty
Large generative AI,define,0,Empty
Large generative AI,define ,0,Empty
Large generative AI,"define, develop",0,Empty
Large generative AI,develop,0,Empty
Large generative AI,develop ,0,Empty
Large generative AI,develope,0,Empty
Large generative AI,dfine,0,Empty
Large generative AI,discover,0,Empty
Large generative AI,discovery,0,Empty
Large generative AI,"discovery, define",0,Empty
"Reinforcement learning (Multi-agent RL, Markov Decision Process)",???,0,Empty
"Reinforcement learning (Multi-agent RL, Markov Decision Process)",Automatic UI design evaluation,0,Empty
"Reinforcement learning (Multi-agent RL, Markov Decision Process)",Converstional interface design,0,Empty
"Reinforcement learning (Multi-agent RL, Markov Decision Process)",Define,0,Empty
"Reinforcement learning (Multi-agent RL, Markov Decision Process)",Define / Develop,0,Empty
"Reinforcement learning (Multi-agent RL, Markov Decision Process)",Delivery,0,Empty
"Reinforcement learning (Multi-agent RL, Markov Decision Process)",Develop,1,Low
"Reinforcement learning (Multi-agent RL, Markov Decision Process)","Develop, conversion",0,Empty
"Reinforcement learning (Multi-agent RL, Markov Decision Process)",Developing emotion recognition systems with better user interaction,0,Empty
"Reinforcement learning (Multi-agent RL, Markov Decision Process)",Discovery,0,Empty
"Reinforcement learning (Multi-agent RL, Markov Decision Process)",Emotion design,0,Empty
"Reinforcement learning (Multi-agent RL, Markov Decision Process)",Evaluation of HCI system,0,Empty
"Reinforcement learning (Multi-agent RL, Markov Decision Process)",Evaluation of UI design (user response time-based),0,Empty
"Reinforcement learning (Multi-agent RL, Markov Decision Process)",HCI for feedback interface,0,Empty
"Reinforcement learning (Multi-agent RL, Markov Decision Process)",Residents service design,0,Empty
"Reinforcement learning (Multi-agent RL, Markov Decision Process)",adaptive HCI design,0,Empty
"Reinforcement learning (Multi-agent RL, Markov Decision Process)",define,0,Empty
"Reinforcement learning (Multi-agent RL, Markov Decision Process)",define ,0,Empty
"Reinforcement learning (Multi-agent RL, Markov Decision Process)","define, develop",0,Empty
"Reinforcement learning (Multi-agent RL, Markov Decision Process)",develop,0,Empty
"Reinforcement learning (Multi-agent RL, Markov Decision Process)",develop ,0,Empty
"Reinforcement learning (Multi-agent RL, Markov Decision Process)",develope,0,Empty
"Reinforcement learning (Multi-agent RL, Markov Decision Process)",dfine,0,Empty
"Reinforcement learning (Multi-agent RL, Markov Decision Process)",discover,0,Empty
"Reinforcement learning (Multi-agent RL, Markov Decision Process)",discovery,0,Empty
"Reinforcement learning (Multi-agent RL, Markov Decision Process)","discovery, define",0,Empty
Textual Deep models in NLP,???,1,Low
Textual Deep models in NLP,Automatic UI design evaluation,0,Empty
Textual Deep models in NLP,Converstional interface design,0,Empty
Textual Deep models in NLP,Define,0,Empty
Textual Deep models in NLP,Define / Develop,0,Empty
Textual Deep models in NLP,Delivery,0,Empty
Textual Deep models in NLP,Develop,0,Empty
Textual Deep models in NLP,"Develop, conversion",0,Empty
Textual Deep models in NLP,Developing emotion recognition systems with better user interaction,0,Empty
Textual Deep models in NLP,Discovery,0,Empty
Textual Deep models in NLP,Emotion design,0,Empty
Textual Deep models in NLP,Evaluation of HCI system,1,Low
Textual Deep models in NLP,Evaluation of UI design (user response time-based),0,Empty
Textual Deep models in NLP,HCI for feedback interface,0,Empty
Textual Deep models in NLP,Residents service design,0,Empty
Textual Deep models in NLP,adaptive HCI design,1,Low
Textual Deep models in NLP,define,0,Empty
Textual Deep models in NLP,define ,0,Empty
Textual Deep models in NLP,"define, develop",0,Empty
Textual Deep models in NLP,develop,0,Empty
Textual Deep models in NLP,develop ,0,Empty
Textual Deep models in NLP,develope,0,Empty
Textual Deep models in NLP,dfine,0,Empty
Textual Deep models in NLP,discover,0,Empty
Textual Deep models in NLP,discovery,0,Empty
Textual Deep models in NLP,"discovery, define",0,Empty
Traditional ML,???,0,Empty
Traditional ML,Automatic UI design evaluation,0,Empty
Traditional ML,Converstional interface design,0,Empty
Traditional ML,Define,0,Empty
Traditional ML,Define / Develop,0,Empty
Traditional ML,Delivery,0,Empty
Traditional ML,Develop,1,Low
Traditional ML,"Develop, conversion",0,Empty
Traditional ML,Developing emotion recognition systems with better user interaction,0,Empty
Traditional ML,Discovery,0,Empty
Traditional ML,Emotion design,0,Empty
Traditional ML,Evaluation of HCI system,0,Empty
Traditional ML,Evaluation of UI design (user response time-based),0,Empty
Traditional ML,HCI for feedback interface,0,Empty
Traditional ML,Residents service design,0,Empty
Traditional ML,adaptive HCI design,0,Empty
Traditional ML,define,0,Empty
Traditional ML,define ,0,Empty
Traditional ML,"define, develop",0,Empty
Traditional ML,develop,0,Empty
Traditional ML,develop ,0,Empty
Traditional ML,develope,0,Empty
Traditional ML,dfine,0,Empty
Traditional ML,discover,0,Empty
Traditional ML,discovery,0,Empty
Traditional ML,"discovery, define",0,Empty
Traditional ML (Bayesian optimization),???,0,Empty
Traditional ML (Bayesian optimization),Automatic UI design evaluation,0,Empty
Traditional ML (Bayesian optimization),Converstional interface design,0,Empty
Traditional ML (Bayesian optimization),Define,0,Empty
Traditional ML (Bayesian optimization),Define / Develop,0,Empty
Traditional ML (Bayesian optimization),Delivery,0,Empty
Traditional ML (Bayesian optimization),Develop,1,Low
Traditional ML (Bayesian optimization),"Develop, conversion",0,Empty
Traditional ML (Bayesian optimization),Developing emotion recognition systems with better user interaction,0,Empty
Traditional ML (Bayesian optimization),Discovery,0,Empty
Traditional ML (Bayesian optimization),Emotion design,0,Empty
Traditional ML (Bayesian optimization),Evaluation of HCI system,0,Empty
Traditional ML (Bayesian optimization),Evaluation of UI design (user response time-based),0,Empty
Traditional ML (Bayesian optimization),HCI for feedback interface,0,Empty
Traditional ML (Bayesian optimization),Residents service design,0,Empty
Traditional ML (Bayesian optimization),adaptive HCI design,0,Empty
Traditional ML (Bayesian optimization),define,0,Empty
Traditional ML (Bayesian optimization),define ,0,Empty
Traditional ML (Bayesian optimization),"define, develop",0,Empty
Traditional ML (Bayesian optimization),develop,0,Empty
Traditional ML (Bayesian optimization),develop ,0,Empty
Traditional ML (Bayesian optimization),develope,0,Empty
Traditional ML (Bayesian optimization),dfine,0,Empty
Traditional ML (Bayesian optimization),discover,0,Empty
Traditional ML (Bayesian optimization),discovery,0,Empty
Traditional ML (Bayesian optimization),"discovery, define",0,Empty
Traditional ML (K-means),???,0,Empty
Traditional ML (K-means),Automatic UI design evaluation,0,Empty
Traditional ML (K-means),Converstional interface design,0,Empty
Traditional ML (K-means),Define,1,Low
Traditional ML (K-means),Define / Develop,0,Empty
Traditional ML (K-means),Delivery,0,Empty
Traditional ML (K-means),Develop,0,Empty
Traditional ML (K-means),"Develop, conversion",0,Empty
Traditional ML (K-means),Developing emotion recognition systems with better user interaction,0,Empty
Traditional ML (K-means),Discovery,0,Empty
Traditional ML (K-means),Emotion design,0,Empty
Traditional ML (K-means),Evaluation of HCI system,0,Empty
Traditional ML (K-means),Evaluation of UI design (user response time-based),0,Empty
Traditional ML (K-means),HCI for feedback interface,0,Empty
Traditional ML (K-means),Residents service design,0,Empty
Traditional ML (K-means),adaptive HCI design,0,Empty
Traditional ML (K-means),define,0,Empty
Traditional ML (K-means),define ,0,Empty
Traditional ML (K-means),"define, develop",0,Empty
Traditional ML (K-means),develop,0,Empty
Traditional ML (K-means),develop ,0,Empty
Traditional ML (K-means),develope,0,Empty
Traditional ML (K-means),dfine,0,Empty
Traditional ML (K-means),discover,0,Empty
Traditional ML (K-means),discovery,0,Empty
Traditional ML (K-means),"discovery, define",0,Empty
"Traditional ML (K-means, Relief algorithm, machine learning classifiers)",???,0,Empty
"Traditional ML (K-means, Relief algorithm, machine learning classifiers)",Automatic UI design evaluation,0,Empty
"Traditional ML (K-means, Relief algorithm, machine learning classifiers)",Converstional interface design,0,Empty
"Traditional ML (K-means, Relief algorithm, machine learning classifiers)",Define,0,Empty
"Traditional ML (K-means, Relief algorithm, machine learning classifiers)",Define / Develop,0,Empty
"Traditional ML (K-means, Relief algorithm, machine learning classifiers)",Delivery,0,Empty
"Traditional ML (K-means, Relief algorithm, machine learning classifiers)",Develop,0,Empty
"Traditional ML (K-means, Relief algorithm, machine learning classifiers)","Develop, conversion",0,Empty
"Traditional ML (K-means, Relief algorithm, machine learning classifiers)",Developing emotion recognition systems with better user interaction,0,Empty
"Traditional ML (K-means, Relief algorithm, machine learning classifiers)",Discovery,1,Low
"Traditional ML (K-means, Relief algorithm, machine learning classifiers)",Emotion design,0,Empty
"Traditional ML (K-means, Relief algorithm, machine learning classifiers)",Evaluation of HCI system,0,Empty
"Traditional ML (K-means, Relief algorithm, machine learning classifiers)",Evaluation of UI design (user response time-based),0,Empty
"Traditional ML (K-means, Relief algorithm, machine learning classifiers)",HCI for feedback interface,0,Empty
"Traditional ML (K-means, Relief algorithm, machine learning classifiers)",Residents service design,0,Empty
"Traditional ML (K-means, Relief algorithm, machine learning classifiers)",adaptive HCI design,0,Empty
"Traditional ML (K-means, Relief algorithm, machine learning classifiers)",define,0,Empty
"Traditional ML (K-means, Relief algorithm, machine learning classifiers)",define ,0,Empty
"Traditional ML (K-means, Relief algorithm, machine learning classifiers)","define, develop",0,Empty
"Traditional ML (K-means, Relief algorithm, machine learning classifiers)",develop,0,Empty
"Traditional ML (K-means, Relief algorithm, machine learning classifiers)",develop ,0,Empty
"Traditional ML (K-means, Relief algorithm, machine learning classifiers)",develope,0,Empty
"Traditional ML (K-means, Relief algorithm, machine learning classifiers)",dfine,0,Empty
"Traditional ML (K-means, Relief algorithm, machine learning classifiers)",discover,0,Empty
"Traditional ML (K-means, Relief algorithm, machine learning classifiers)",discovery,0,Empty
"Traditional ML (K-means, Relief algorithm, machine learning classifiers)","discovery, define",0,Empty
Traditional ML (Operations Research + Machine Learning),???,0,Empty
Traditional ML (Operations Research + Machine Learning),Automatic UI design evaluation,0,Empty
Traditional ML (Operations Research + Machine Learning),Converstional interface design,0,Empty
Traditional ML (Operations Research + Machine Learning),Define,0,Empty
Traditional ML (Operations Research + Machine Learning),Define / Develop,0,Empty
Traditional ML (Operations Research + Machine Learning),Delivery,0,Empty
Traditional ML (Operations Research + Machine Learning),Develop,1,Low
Traditional ML (Operations Research + Machine Learning),"Develop, conversion",0,Empty
Traditional ML (Operations Research + Machine Learning),Developing emotion recognition systems with better user interaction,0,Empty
Traditional ML (Operations Research + Machine Learning),Discovery,0,Empty
Traditional ML (Operations Research + Machine Learning),Emotion design,0,Empty
Traditional ML (Operations Research + Machine Learning),Evaluation of HCI system,0,Empty
Traditional ML (Operations Research + Machine Learning),Evaluation of UI design (user response time-based),0,Empty
Traditional ML (Operations Research + Machine Learning),HCI for feedback interface,0,Empty
Traditional ML (Operations Research + Machine Learning),Residents service design,0,Empty
Traditional ML (Operations Research + Machine Learning),adaptive HCI design,0,Empty
Traditional ML (Operations Research + Machine Learning),define,0,Empty
Traditional ML (Operations Research + Machine Learning),define ,0,Empty
Traditional ML (Operations Research + Machine Learning),"define, develop",0,Empty
Traditional ML (Operations Research + Machine Learning),develop,0,Empty
Traditional ML (Operations Research + Machine Learning),develop ,0,Empty
Traditional ML (Operations Research + Machine Learning),develope,0,Empty
Traditional ML (Operations Research + Machine Learning),dfine,0,Empty
Traditional ML (Operations Research + Machine Learning),discover,0,Empty
Traditional ML (Operations Research + Machine Learning),discovery,0,Empty
Traditional ML (Operations Research + Machine Learning),"discovery, define",0,Empty
Traditional ML (comprehensive semantic data analysis with feature extraction),???,0,Empty
Traditional ML (comprehensive semantic data analysis with feature extraction),Automatic UI design evaluation,0,Empty
Traditional ML (comprehensive semantic data analysis with feature extraction),Converstional interface design,0,Empty
Traditional ML (comprehensive semantic data analysis with feature extraction),Define,0,Empty
Traditional ML (comprehensive semantic data analysis with feature extraction),Define / Develop,0,Empty
Traditional ML (comprehensive semantic data analysis with feature extraction),Delivery,0,Empty
Traditional ML (comprehensive semantic data analysis with feature extraction),Develop,1,Low
Traditional ML (comprehensive semantic data analysis with feature extraction),"Develop, conversion",0,Empty
Traditional ML (comprehensive semantic data analysis with feature extraction),Developing emotion recognition systems with better user interaction,0,Empty
Traditional ML (comprehensive semantic data analysis with feature extraction),Discovery,0,Empty
Traditional ML (comprehensive semantic data analysis with feature extraction),Emotion design,0,Empty
Traditional ML (comprehensive semantic data analysis with feature extraction),Evaluation of HCI system,0,Empty
Traditional ML (comprehensive semantic data analysis with feature extraction),Evaluation of UI design (user response time-based),0,Empty
Traditional ML (comprehensive semantic data analysis with feature extraction),HCI for feedback interface,0,Empty
Traditional ML (comprehensive semantic data analysis with feature extraction),Residents service design,0,Empty
Traditional ML (comprehensive semantic data analysis with feature extraction),adaptive HCI design,0,Empty
Traditional ML (comprehensive semantic data analysis with feature extraction),define,0,Empty
Traditional ML (comprehensive semantic data analysis with feature extraction),define ,0,Empty
Traditional ML (comprehensive semantic data analysis with feature extraction),"define, develop",0,Empty
Traditional ML (comprehensive semantic data analysis with feature extraction),develop,0,Empty
Traditional ML (comprehensive semantic data analysis with feature extraction),develop ,0,Empty
Traditional ML (comprehensive semantic data analysis with feature extraction),develope,0,Empty
Traditional ML (comprehensive semantic data analysis with feature extraction),dfine,0,Empty
Traditional ML (comprehensive semantic data analysis with feature extraction),discover,0,Empty
Traditional ML (comprehensive semantic data analysis with feature extraction),discovery,0,Empty
Traditional ML (comprehensive semantic data analysis with feature extraction),"discovery, define",0,Empty
Traditional ML (multimodal recognition approach),???,0,Empty
Traditional ML (multimodal recognition approach),Automatic UI design evaluation,0,Empty
Traditional ML (multimodal recognition approach),Converstional interface design,0,Empty
Traditional ML (multimodal recognition approach),Define,1,Low
Traditional ML (multimodal recognition approach),Define / Develop,0,Empty
Traditional ML (multimodal recognition approach),Delivery,0,Empty
Traditional ML (multimodal recognition approach),Develop,0,Empty
Traditional ML (multimodal recognition approach),"Develop, conversion",0,Empty
Traditional ML (multimodal recognition approach),Developing emotion recognition systems with better user interaction,0,Empty
Traditional ML (multimodal recognition approach),Discovery,0,Empty
Traditional ML (multimodal recognition approach),Emotion design,0,Empty
Traditional ML (multimodal recognition approach),Evaluation of HCI system,0,Empty
Traditional ML (multimodal recognition approach),Evaluation of UI design (user response time-based),0,Empty
Traditional ML (multimodal recognition approach),HCI for feedback interface,0,Empty
Traditional ML (multimodal recognition approach),Residents service design,0,Empty
Traditional ML (multimodal recognition approach),adaptive HCI design,0,Empty
Traditional ML (multimodal recognition approach),define,0,Empty
Traditional ML (multimodal recognition approach),define ,0,Empty
Traditional ML (multimodal recognition approach),"define, develop",0,Empty
Traditional ML (multimodal recognition approach),develop,0,Empty
Traditional ML (multimodal recognition approach),develop ,0,Empty
Traditional ML (multimodal recognition approach),develope,0,Empty
Traditional ML (multimodal recognition approach),dfine,0,Empty
Traditional ML (multimodal recognition approach),discover,0,Empty
Traditional ML (multimodal recognition approach),discovery,0,Empty
Traditional ML (multimodal recognition approach),"discovery, define",0,Empty
Traditional ML (shallow models),???,0,Empty
Traditional ML (shallow models),Automatic UI design evaluation,0,Empty
Traditional ML (shallow models),Converstional interface design,0,Empty
Traditional ML (shallow models),Define,1,Low
Traditional ML (shallow models),Define / Develop,0,Empty
Traditional ML (shallow models),Delivery,0,Empty
Traditional ML (shallow models),Develop,2,Low
Traditional ML (shallow models),"Develop, conversion",0,Empty
Traditional ML (shallow models),Developing emotion recognition systems with better user interaction,0,Empty
Traditional ML (shallow models),Discovery,0,Empty
Traditional ML (shallow models),Emotion design,0,Empty
Traditional ML (shallow models),Evaluation of HCI system,0,Empty
Traditional ML (shallow models),Evaluation of UI design (user response time-based),0,Empty
Traditional ML (shallow models),HCI for feedback interface,0,Empty
Traditional ML (shallow models),Residents service design,0,Empty
Traditional ML (shallow models),adaptive HCI design,0,Empty
Traditional ML (shallow models),define,0,Empty
Traditional ML (shallow models),define ,0,Empty
Traditional ML (shallow models),"define, develop",0,Empty
Traditional ML (shallow models),develop,0,Empty
Traditional ML (shallow models),develop ,0,Empty
Traditional ML (shallow models),develope,0,Empty
Traditional ML (shallow models),dfine,0,Empty
Traditional ML (shallow models),discover,0,Empty
Traditional ML (shallow models),discovery,0,Empty
Traditional ML (shallow models),"discovery, define",0,Empty
Traditional ML (shallow models); Exploratory data analysis,???,0,Empty
Traditional ML (shallow models); Exploratory data analysis,Automatic UI design evaluation,0,Empty
Traditional ML (shallow models); Exploratory data analysis,Converstional interface design,0,Empty
Traditional ML (shallow models); Exploratory data analysis,Define,0,Empty
Traditional ML (shallow models); Exploratory data analysis,Define / Develop,0,Empty
Traditional ML (shallow models); Exploratory data analysis,Delivery,0,Empty
Traditional ML (shallow models); Exploratory data analysis,Develop,0,Empty
Traditional ML (shallow models); Exploratory data analysis,"Develop, conversion",0,Empty
Traditional ML (shallow models); Exploratory data analysis,Developing emotion recognition systems with better user interaction,0,Empty
Traditional ML (shallow models); Exploratory data analysis,Discovery,0,Empty
Traditional ML (shallow models); Exploratory data analysis,Emotion design,0,Empty
Traditional ML (shallow models); Exploratory data analysis,Evaluation of HCI system,0,Empty
Traditional ML (shallow models); Exploratory data analysis,Evaluation of UI design (user response time-based),0,Empty
Traditional ML (shallow models); Exploratory data analysis,HCI for feedback interface,0,Empty
Traditional ML (shallow models); Exploratory data analysis,Residents service design,0,Empty
Traditional ML (shallow models); Exploratory data analysis,adaptive HCI design,0,Empty
Traditional ML (shallow models); Exploratory data analysis,define,0,Empty
Traditional ML (shallow models); Exploratory data analysis,define ,0,Empty
Traditional ML (shallow models); Exploratory data analysis,"define, develop",0,Empty
Traditional ML (shallow models); Exploratory data analysis,develop,1,Low
Traditional ML (shallow models); Exploratory data analysis,develop ,0,Empty
Traditional ML (shallow models); Exploratory data analysis,develope,0,Empty
Traditional ML (shallow models); Exploratory data analysis,dfine,0,Empty
Traditional ML (shallow models); Exploratory data analysis,discover,0,Empty
Traditional ML (shallow models); Exploratory data analysis,discovery,0,Empty
Traditional ML (shallow models); Exploratory data analysis,"discovery, define",0,Empty
"Traditional ML (speech recognition, gesture recognition, facial expression recognition)",???,0,Empty
"Traditional ML (speech recognition, gesture recognition, facial expression recognition)",Automatic UI design evaluation,0,Empty
"Traditional ML (speech recognition, gesture recognition, facial expression recognition)",Converstional interface design,0,Empty
"Traditional ML (speech recognition, gesture recognition, facial expression recognition)",Define,0,Empty
"Traditional ML (speech recognition, gesture recognition, facial expression recognition)",Define / Develop,0,Empty
"Traditional ML (speech recognition, gesture recognition, facial expression recognition)",Delivery,0,Empty
"Traditional ML (speech recognition, gesture recognition, facial expression recognition)",Develop,1,Low
"Traditional ML (speech recognition, gesture recognition, facial expression recognition)","Develop, conversion",0,Empty
"Traditional ML (speech recognition, gesture recognition, facial expression recognition)",Developing emotion recognition systems with better user interaction,0,Empty
"Traditional ML (speech recognition, gesture recognition, facial expression recognition)",Discovery,0,Empty
"Traditional ML (speech recognition, gesture recognition, facial expression recognition)",Emotion design,0,Empty
"Traditional ML (speech recognition, gesture recognition, facial expression recognition)",Evaluation of HCI system,0,Empty
"Traditional ML (speech recognition, gesture recognition, facial expression recognition)",Evaluation of UI design (user response time-based),0,Empty
"Traditional ML (speech recognition, gesture recognition, facial expression recognition)",HCI for feedback interface,0,Empty
"Traditional ML (speech recognition, gesture recognition, facial expression recognition)",Residents service design,0,Empty
"Traditional ML (speech recognition, gesture recognition, facial expression recognition)",adaptive HCI design,0,Empty
"Traditional ML (speech recognition, gesture recognition, facial expression recognition)",define,0,Empty
"Traditional ML (speech recognition, gesture recognition, facial expression recognition)",define ,0,Empty
"Traditional ML (speech recognition, gesture recognition, facial expression recognition)","define, develop",0,Empty
"Traditional ML (speech recognition, gesture recognition, facial expression recognition)",develop,0,Empty
"Traditional ML (speech recognition, gesture recognition, facial expression recognition)",develop ,0,Empty
"Traditional ML (speech recognition, gesture recognition, facial expression recognition)",develope,0,Empty
"Traditional ML (speech recognition, gesture recognition, facial expression recognition)",dfine,0,Empty
"Traditional ML (speech recognition, gesture recognition, facial expression recognition)",discover,0,Empty
"Traditional ML (speech recognition, gesture recognition, facial expression recognition)",discovery,0,Empty
"Traditional ML (speech recognition, gesture recognition, facial expression recognition)","discovery, define",0,Empty
"Traditional ML (tensor decomposition, ontologies)",???,0,Empty
"Traditional ML (tensor decomposition, ontologies)",Automatic UI design evaluation,0,Empty
"Traditional ML (tensor decomposition, ontologies)",Converstional interface design,0,Empty
"Traditional ML (tensor decomposition, ontologies)",Define,0,Empty
"Traditional ML (tensor decomposition, ontologies)",Define / Develop,0,Empty
"Traditional ML (tensor decomposition, ontologies)",Delivery,0,Empty
"Traditional ML (tensor decomposition, ontologies)",Develop,1,Low
"Traditional ML (tensor decomposition, ontologies)","Develop, conversion",0,Empty
"Traditional ML (tensor decomposition, ontologies)",Developing emotion recognition systems with better user interaction,0,Empty
"Traditional ML (tensor decomposition, ontologies)",Discovery,0,Empty
"Traditional ML (tensor decomposition, ontologies)",Emotion design,0,Empty
"Traditional ML (tensor decomposition, ontologies)",Evaluation of HCI system,0,Empty
"Traditional ML (tensor decomposition, ontologies)",Evaluation of UI design (user response time-based),0,Empty
"Traditional ML (tensor decomposition, ontologies)",HCI for feedback interface,0,Empty
"Traditional ML (tensor decomposition, ontologies)",Residents service design,0,Empty
"Traditional ML (tensor decomposition, ontologies)",adaptive HCI design,0,Empty
"Traditional ML (tensor decomposition, ontologies)",define,0,Empty
"Traditional ML (tensor decomposition, ontologies)",define ,0,Empty
"Traditional ML (tensor decomposition, ontologies)","define, develop",0,Empty
"Traditional ML (tensor decomposition, ontologies)",develop,0,Empty
"Traditional ML (tensor decomposition, ontologies)",develop ,0,Empty
"Traditional ML (tensor decomposition, ontologies)",develope,0,Empty
"Traditional ML (tensor decomposition, ontologies)",dfine,0,Empty
"Traditional ML (tensor decomposition, ontologies)",discover,0,Empty
"Traditional ML (tensor decomposition, ontologies)",discovery,0,Empty
"Traditional ML (tensor decomposition, ontologies)","discovery, define",0,Empty
"Traditional ML -SVM, RF, XGBoost
",???,0,Empty
"Traditional ML -SVM, RF, XGBoost
",Automatic UI design evaluation,0,Empty
"Traditional ML -SVM, RF, XGBoost
",Converstional interface design,0,Empty
"Traditional ML -SVM, RF, XGBoost
",Define,0,Empty
"Traditional ML -SVM, RF, XGBoost
",Define / Develop,0,Empty
"Traditional ML -SVM, RF, XGBoost
",Delivery,0,Empty
"Traditional ML -SVM, RF, XGBoost
",Develop,0,Empty
"Traditional ML -SVM, RF, XGBoost
","Develop, conversion",0,Empty
"Traditional ML -SVM, RF, XGBoost
",Developing emotion recognition systems with better user interaction,0,Empty
"Traditional ML -SVM, RF, XGBoost
",Discovery,0,Empty
"Traditional ML -SVM, RF, XGBoost
",Emotion design,0,Empty
"Traditional ML -SVM, RF, XGBoost
",Evaluation of HCI system,0,Empty
"Traditional ML -SVM, RF, XGBoost
",Evaluation of UI design (user response time-based),0,Empty
"Traditional ML -SVM, RF, XGBoost
",HCI for feedback interface,0,Empty
"Traditional ML -SVM, RF, XGBoost
",Residents service design,0,Empty
"Traditional ML -SVM, RF, XGBoost
",adaptive HCI design,0,Empty
"Traditional ML -SVM, RF, XGBoost
",define,0,Empty
"Traditional ML -SVM, RF, XGBoost
",define ,0,Empty
"Traditional ML -SVM, RF, XGBoost
","define, develop",0,Empty
"Traditional ML -SVM, RF, XGBoost
",develop,0,Empty
"Traditional ML -SVM, RF, XGBoost
",develop ,1,Low
"Traditional ML -SVM, RF, XGBoost
",develope,0,Empty
"Traditional ML -SVM, RF, XGBoost
",dfine,0,Empty
"Traditional ML -SVM, RF, XGBoost
",discover,0,Empty
"Traditional ML -SVM, RF, XGBoost
",discovery,0,Empty
"Traditional ML -SVM, RF, XGBoost
","discovery, define",0,Empty
"Traditional ML, Exploratory data analysis",???,0,Empty
"Traditional ML, Exploratory data analysis",Automatic UI design evaluation,0,Empty
"Traditional ML, Exploratory data analysis",Converstional interface design,0,Empty
"Traditional ML, Exploratory data analysis",Define,0,Empty
"Traditional ML, Exploratory data analysis",Define / Develop,0,Empty
"Traditional ML, Exploratory data analysis",Delivery,0,Empty
"Traditional ML, Exploratory data analysis",Develop,1,Low
"Traditional ML, Exploratory data analysis","Develop, conversion",0,Empty
"Traditional ML, Exploratory data analysis",Developing emotion recognition systems with better user interaction,0,Empty
"Traditional ML, Exploratory data analysis",Discovery,0,Empty
"Traditional ML, Exploratory data analysis",Emotion design,0,Empty
"Traditional ML, Exploratory data analysis",Evaluation of HCI system,0,Empty
"Traditional ML, Exploratory data analysis",Evaluation of UI design (user response time-based),0,Empty
"Traditional ML, Exploratory data analysis",HCI for feedback interface,0,Empty
"Traditional ML, Exploratory data analysis",Residents service design,0,Empty
"Traditional ML, Exploratory data analysis",adaptive HCI design,0,Empty
"Traditional ML, Exploratory data analysis",define,0,Empty
"Traditional ML, Exploratory data analysis",define ,0,Empty
"Traditional ML, Exploratory data analysis","define, develop",0,Empty
"Traditional ML, Exploratory data analysis",develop,0,Empty
"Traditional ML, Exploratory data analysis",develop ,0,Empty
"Traditional ML, Exploratory data analysis",develope,0,Empty
"Traditional ML, Exploratory data analysis",dfine,0,Empty
"Traditional ML, Exploratory data analysis",discover,0,Empty
"Traditional ML, Exploratory data analysis",discovery,0,Empty
"Traditional ML, Exploratory data analysis","discovery, define",0,Empty
"Traditional ML, exploratory data analysis",???,0,Empty
"Traditional ML, exploratory data analysis",Automatic UI design evaluation,0,Empty
"Traditional ML, exploratory data analysis",Converstional interface design,0,Empty
"Traditional ML, exploratory data analysis",Define,0,Empty
"Traditional ML, exploratory data analysis",Define / Develop,0,Empty
"Traditional ML, exploratory data analysis",Delivery,0,Empty
"Traditional ML, exploratory data analysis",Develop,0,Empty
"Traditional ML, exploratory data analysis","Develop, conversion",0,Empty
"Traditional ML, exploratory data analysis",Developing emotion recognition systems with better user interaction,0,Empty
"Traditional ML, exploratory data analysis",Discovery,0,Empty
"Traditional ML, exploratory data analysis",Emotion design,0,Empty
"Traditional ML, exploratory data analysis",Evaluation of HCI system,0,Empty
"Traditional ML, exploratory data analysis",Evaluation of UI design (user response time-based),0,Empty
"Traditional ML, exploratory data analysis",HCI for feedback interface,0,Empty
"Traditional ML, exploratory data analysis",Residents service design,0,Empty
"Traditional ML, exploratory data analysis",adaptive HCI design,0,Empty
"Traditional ML, exploratory data analysis",define,0,Empty
"Traditional ML, exploratory data analysis",define ,0,Empty
"Traditional ML, exploratory data analysis","define, develop",0,Empty
"Traditional ML, exploratory data analysis",develop ,0,Empty
"Traditional ML, exploratory data analysis",develope,1,Low
"Traditional ML, exploratory data analysis",dfine,0,Empty
"Traditional ML, exploratory data analysis",discover,0,Empty
"Traditional ML, exploratory data analysis",discovery,0,Empty
"Traditional ML, exploratory data analysis","discovery, define",0,Empty
"deep model, traditional ml, exploratory data analysis",???,0,Empty
"deep model, traditional ml, exploratory data analysis",Automatic UI design evaluation,0,Empty
"deep model, traditional ml, exploratory data analysis",Converstional interface design,0,Empty
"deep model, traditional ml, exploratory data analysis",Define,0,Empty
"deep model, traditional ml, exploratory data analysis",Define / Develop,0,Empty
"deep model, traditional ml, exploratory data analysis",Delivery,0,Empty
"deep model, traditional ml, exploratory data analysis",Develop,0,Empty
"deep model, traditional ml, exploratory data analysis","Develop, conversion",0,Empty
"deep model, traditional ml, exploratory data analysis",Developing emotion recognition systems with better user interaction,0,Empty
"deep model, traditional ml, exploratory data analysis",Discovery,0,Empty
"deep model, traditional ml, exploratory data analysis",Emotion design,0,Empty
"deep model, traditional ml, exploratory data analysis",Evaluation of HCI system,0,Empty
"deep model, traditional ml, exploratory data analysis",Evaluation of UI design (user response time-based),0,Empty
"deep model, traditional ml, exploratory data analysis",HCI for feedback interface,0,Empty
"deep model, traditional ml, exploratory data analysis",Residents service design,0,Empty
"deep model, traditional ml, exploratory data analysis",adaptive HCI design,0,Empty
"deep model, traditional ml, exploratory data analysis",define,0,Empty
"deep model, traditional ml, exploratory data analysis",define ,0,Empty
"deep model, traditional ml, exploratory data analysis","define, develop",0,Empty
"deep model, traditional ml, exploratory data analysis",develop,1,Low
"deep model, traditional ml, exploratory data analysis",develop ,0,Empty
"deep model, traditional ml, exploratory data analysis",develope,0,Empty
"deep model, traditional ml, exploratory data analysis",dfine,0,Empty
"deep model, traditional ml, exploratory data analysis",discover,0,Empty
"deep model, traditional ml, exploratory data analysis",discovery,0,Empty
"deep model, traditional ml, exploratory data analysis","discovery, define",0,Empty
deep models,???,0,Empty
deep models,Automatic UI design evaluation,0,Empty
deep models,Converstional interface design,0,Empty
deep models,Define,0,Empty
deep models,Define / Develop,0,Empty
deep models,Delivery,0,Empty
deep models,Develop,0,Empty
deep models,"Develop, conversion",0,Empty
deep models,Developing emotion recognition systems with better user interaction,0,Empty
deep models,Discovery,0,Empty
deep models,Emotion design,0,Empty
deep models,Evaluation of HCI system,0,Empty
deep models,Evaluation of UI design (user response time-based),0,Empty
deep models,HCI for feedback interface,0,Empty
deep models,Residents service design,0,Empty
deep models,adaptive HCI design,0,Empty
deep models,define,1,Low
deep models,define ,0,Empty
deep models,"define, develop",0,Empty
deep models,develop,1,Low
deep models,develop ,0,Empty
deep models,develope,0,Empty
deep models,dfine,1,Low
deep models,discover,0,Empty
deep models,discovery,0,Empty
deep models,"discovery, define",0,Empty
"deep models, exploratory data analysis",???,0,Empty
"deep models, exploratory data analysis",Automatic UI design evaluation,0,Empty
"deep models, exploratory data analysis",Converstional interface design,0,Empty
"deep models, exploratory data analysis",Define,0,Empty
"deep models, exploratory data analysis",Define / Develop,0,Empty
"deep models, exploratory data analysis",Delivery,0,Empty
"deep models, exploratory data analysis",Develop,0,Empty
"deep models, exploratory data analysis","Develop, conversion",0,Empty
"deep models, exploratory data analysis",Developing emotion recognition systems with better user interaction,0,Empty
"deep models, exploratory data analysis",Discovery,0,Empty
"deep models, exploratory data analysis",Emotion design,0,Empty
"deep models, exploratory data analysis",Evaluation of HCI system,0,Empty
"deep models, exploratory data analysis",Evaluation of UI design (user response time-based),0,Empty
"deep models, exploratory data analysis",HCI for feedback interface,0,Empty
"deep models, exploratory data analysis",Residents service design,0,Empty
"deep models, exploratory data analysis",adaptive HCI design,0,Empty
"deep models, exploratory data analysis",define,1,Low
"deep models, exploratory data analysis",define ,0,Empty
"deep models, exploratory data analysis","define, develop",0,Empty
"deep models, exploratory data analysis",develop,0,Empty
"deep models, exploratory data analysis",develop ,0,Empty
"deep models, exploratory data analysis",develope,0,Empty
"deep models, exploratory data analysis",dfine,0,Empty
"deep models, exploratory data analysis",discover,0,Empty
"deep models, exploratory data analysis",discovery,0,Empty
"deep models, exploratory data analysis","discovery, define",0,Empty
"deep models, gen ai",???,0,Empty
"deep models, gen ai",Automatic UI design evaluation,0,Empty
"deep models, gen ai",Converstional interface design,0,Empty
"deep models, gen ai",Define,0,Empty
"deep models, gen ai",Define / Develop,0,Empty
"deep models, gen ai",Delivery,0,Empty
"deep models, gen ai",Develop,0,Empty
"deep models, gen ai","Develop, conversion",0,Empty
"deep models, gen ai",Developing emotion recognition systems with better user interaction,0,Empty
"deep models, gen ai",Discovery,0,Empty
"deep models, gen ai",Emotion design,0,Empty
"deep models, gen ai",Evaluation of HCI system,0,Empty
"deep models, gen ai",Evaluation of UI design (user response time-based),0,Empty
"deep models, gen ai",HCI for feedback interface,0,Empty
"deep models, gen ai",Residents service design,0,Empty
"deep models, gen ai",adaptive HCI design,0,Empty
"deep models, gen ai",define,1,Low
"deep models, gen ai",define ,0,Empty
"deep models, gen ai","define, develop",0,Empty
"deep models, gen ai",develop,0,Empty
"deep models, gen ai",develop ,0,Empty
"deep models, gen ai",develope,0,Empty
"deep models, gen ai",dfine,0,Empty
"deep models, gen ai",discover,0,Empty
"deep models, gen ai",discovery,0,Empty
"deep models, gen ai","discovery, define",0,Empty
"deep models, gen ai, traditional ml, exploratory data analysis",???,0,Empty
"deep models, gen ai, traditional ml, exploratory data analysis",Automatic UI design evaluation,0,Empty
"deep models, gen ai, traditional ml, exploratory data analysis",Converstional interface design,0,Empty
"deep models, gen ai, traditional ml, exploratory data analysis",Define,0,Empty
"deep models, gen ai, traditional ml, exploratory data analysis",Define / Develop,0,Empty
"deep models, gen ai, traditional ml, exploratory data analysis",Delivery,0,Empty
"deep models, gen ai, traditional ml, exploratory data analysis",Develop,0,Empty
"deep models, gen ai, traditional ml, exploratory data analysis","Develop, conversion",0,Empty
"deep models, gen ai, traditional ml, exploratory data analysis",Developing emotion recognition systems with better user interaction,0,Empty
"deep models, gen ai, traditional ml, exploratory data analysis",Discovery,0,Empty
"deep models, gen ai, traditional ml, exploratory data analysis",Emotion design,0,Empty
"deep models, gen ai, traditional ml, exploratory data analysis",Evaluation of HCI system,0,Empty
"deep models, gen ai, traditional ml, exploratory data analysis",Evaluation of UI design (user response time-based),0,Empty
"deep models, gen ai, traditional ml, exploratory data analysis",HCI for feedback interface,0,Empty
"deep models, gen ai, traditional ml, exploratory data analysis",Residents service design,0,Empty
"deep models, gen ai, traditional ml, exploratory data analysis",adaptive HCI design,0,Empty
"deep models, gen ai, traditional ml, exploratory data analysis",define,0,Empty
"deep models, gen ai, traditional ml, exploratory data analysis",define ,0,Empty
"deep models, gen ai, traditional ml, exploratory data analysis","define, develop",0,Empty
"deep models, gen ai, traditional ml, exploratory data analysis",develop,0,Empty
"deep models, gen ai, traditional ml, exploratory data analysis",develop ,0,Empty
"deep models, gen ai, traditional ml, exploratory data analysis",develope,0,Empty
"deep models, gen ai, traditional ml, exploratory data analysis",dfine,0,Empty
"deep models, gen ai, traditional ml, exploratory data analysis",discover,1,Low
"deep models, gen ai, traditional ml, exploratory data analysis",discovery,0,Empty
"deep models, gen ai, traditional ml, exploratory data analysis","discovery, define",0,Empty
"deep models, reinforcement learning",???,0,Empty
"deep models, reinforcement learning",Automatic UI design evaluation,0,Empty
"deep models, reinforcement learning",Converstional interface design,0,Empty
"deep models, reinforcement learning",Define,0,Empty
"deep models, reinforcement learning",Define / Develop,0,Empty
"deep models, reinforcement learning",Delivery,0,Empty
"deep models, reinforcement learning",Develop,0,Empty
"deep models, reinforcement learning","Develop, conversion",0,Empty
"deep models, reinforcement learning",Developing emotion recognition systems with better user interaction,0,Empty
"deep models, reinforcement learning",Discovery,0,Empty
"deep models, reinforcement learning",Emotion design,0,Empty
"deep models, reinforcement learning",Evaluation of HCI system,0,Empty
"deep models, reinforcement learning",Evaluation of UI design (user response time-based),0,Empty
"deep models, reinforcement learning",HCI for feedback interface,0,Empty
"deep models, reinforcement learning",Residents service design,0,Empty
"deep models, reinforcement learning",adaptive HCI design,0,Empty
"deep models, reinforcement learning",define,0,Empty
"deep models, reinforcement learning",define ,0,Empty
"deep models, reinforcement learning","define, develop",0,Empty
"deep models, reinforcement learning",develop,1,Low
"deep models, reinforcement learning",develop ,0,Empty
"deep models, reinforcement learning",develope,0,Empty
"deep models, reinforcement learning",dfine,0,Empty
"deep models, reinforcement learning",discover,0,Empty
"deep models, reinforcement learning",discovery,1,Low
"deep models, reinforcement learning","discovery, define",0,Empty
"deep models, traditional ml",???,0,Empty
"deep models, traditional ml",Automatic UI design evaluation,0,Empty
"deep models, traditional ml",Converstional interface design,0,Empty
"deep models, traditional ml",Define,0,Empty
"deep models, traditional ml",Define / Develop,0,Empty
"deep models, traditional ml",Delivery,0,Empty
"deep models, traditional ml",Develop,0,Empty
"deep models, traditional ml","Develop, conversion",0,Empty
"deep models, traditional ml",Developing emotion recognition systems with better user interaction,0,Empty
"deep models, traditional ml",Discovery,0,Empty
"deep models, traditional ml",Emotion design,0,Empty
"deep models, traditional ml",Evaluation of HCI system,0,Empty
"deep models, traditional ml",Evaluation of UI design (user response time-based),0,Empty
"deep models, traditional ml",HCI for feedback interface,0,Empty
"deep models, traditional ml",Residents service design,0,Empty
"deep models, traditional ml",adaptive HCI design,0,Empty
"deep models, traditional ml",define,0,Empty
"deep models, traditional ml",define ,0,Empty
"deep models, traditional ml","define, develop",0,Empty
"deep models, traditional ml",develop,1,Low
"deep models, traditional ml",develop ,0,Empty
"deep models, traditional ml",develope,0,Empty
"deep models, traditional ml",dfine,0,Empty
"deep models, traditional ml",discover,0,Empty
"deep models, traditional ml",discovery,0,Empty
"deep models, traditional ml","discovery, define",0,Empty
"deep models, traditional ml, exploratory data analysis",???,0,Empty
"deep models, traditional ml, exploratory data analysis",Automatic UI design evaluation,0,Empty
"deep models, traditional ml, exploratory data analysis",Converstional interface design,0,Empty
"deep models, traditional ml, exploratory data analysis",Define,0,Empty
"deep models, traditional ml, exploratory data analysis",Define / Develop,0,Empty
"deep models, traditional ml, exploratory data analysis",Delivery,0,Empty
"deep models, traditional ml, exploratory data analysis",Develop,0,Empty
"deep models, traditional ml, exploratory data analysis","Develop, conversion",0,Empty
"deep models, traditional ml, exploratory data analysis",Developing emotion recognition systems with better user interaction,0,Empty
"deep models, traditional ml, exploratory data analysis",Discovery,0,Empty
"deep models, traditional ml, exploratory data analysis",Emotion design,0,Empty
"deep models, traditional ml, exploratory data analysis",Evaluation of HCI system,0,Empty
"deep models, traditional ml, exploratory data analysis",Evaluation of UI design (user response time-based),0,Empty
"deep models, traditional ml, exploratory data analysis",HCI for feedback interface,0,Empty
"deep models, traditional ml, exploratory data analysis",Residents service design,0,Empty
"deep models, traditional ml, exploratory data analysis",adaptive HCI design,0,Empty
"deep models, traditional ml, exploratory data analysis",define,1,Low
"deep models, traditional ml, exploratory data analysis",define ,0,Empty
"deep models, traditional ml, exploratory data analysis","define, develop",0,Empty
"deep models, traditional ml, exploratory data analysis",develop,0,Empty
"deep models, traditional ml, exploratory data analysis",develop ,0,Empty
"deep models, traditional ml, exploratory data analysis",develope,0,Empty
"deep models, traditional ml, exploratory data analysis",dfine,0,Empty
"deep models, traditional ml, exploratory data analysis",discover,0,Empty
"deep models, traditional ml, exploratory data analysis",discovery,0,Empty
"deep models, traditional ml, exploratory data analysis","discovery, define",0,Empty
gen ai ,???,0,Empty
gen ai ,Automatic UI design evaluation,0,Empty
gen ai ,Converstional interface design,0,Empty
gen ai ,Define,0,Empty
gen ai ,Define / Develop,0,Empty
gen ai ,Delivery,0,Empty
gen ai ,Develop,0,Empty
gen ai ,"Develop, conversion",0,Empty
gen ai ,Developing emotion recognition systems with better user interaction,0,Empty
gen ai ,Discovery,0,Empty
gen ai ,Emotion design,0,Empty
gen ai ,Evaluation of HCI system,0,Empty
gen ai ,Evaluation of UI design (user response time-based),0,Empty
gen ai ,HCI for feedback interface,0,Empty
gen ai ,Residents service design,0,Empty
gen ai ,adaptive HCI design,0,Empty
gen ai ,define,0,Empty
gen ai ,define ,0,Empty
gen ai ,"define, develop",0,Empty
gen ai ,develop,0,Empty
gen ai ,develop ,0,Empty
gen ai ,develope,0,Empty
gen ai ,dfine,0,Empty
gen ai ,discover,0,Empty
gen ai ,discovery,0,Empty
gen ai ,"discovery, define",2,Low
"gen ai, exploratory data analysis",???,0,Empty
"gen ai, exploratory data analysis",Automatic UI design evaluation,0,Empty
"gen ai, exploratory data analysis",Converstional interface design,0,Empty
"gen ai, exploratory data analysis",Define,0,Empty
"gen ai, exploratory data analysis",Define / Develop,0,Empty
"gen ai, exploratory data analysis",Delivery,0,Empty
"gen ai, exploratory data analysis",Develop,0,Empty
"gen ai, exploratory data analysis","Develop, conversion",0,Empty
"gen ai, exploratory data analysis",Developing emotion recognition systems with better user interaction,0,Empty
"gen ai, exploratory data analysis",Discovery,0,Empty
"gen ai, exploratory data analysis",Emotion design,0,Empty
"gen ai, exploratory data analysis",Evaluation of HCI system,0,Empty
"gen ai, exploratory data analysis",Evaluation of UI design (user response time-based),0,Empty
"gen ai, exploratory data analysis",HCI for feedback interface,0,Empty
"gen ai, exploratory data analysis",Residents service design,0,Empty
"gen ai, exploratory data analysis",adaptive HCI design,0,Empty
"gen ai, exploratory data analysis",define,0,Empty
"gen ai, exploratory data analysis",define ,0,Empty
"gen ai, exploratory data analysis","define, develop",0,Empty
"gen ai, exploratory data analysis",develop,1,Low
"gen ai, exploratory data analysis",develop ,0,Empty
"gen ai, exploratory data analysis",develope,0,Empty
"gen ai, exploratory data analysis",dfine,0,Empty
"gen ai, exploratory data analysis",discover,0,Empty
"gen ai, exploratory data analysis",discovery,0,Empty
"gen ai, exploratory data analysis","discovery, define",0,Empty
"gen ai, traditional ml, exploratory data analysis",???,0,Empty
"gen ai, traditional ml, exploratory data analysis",Automatic UI design evaluation,0,Empty
"gen ai, traditional ml, exploratory data analysis",Converstional interface design,0,Empty
"gen ai, traditional ml, exploratory data analysis",Define,0,Empty
"gen ai, traditional ml, exploratory data analysis",Define / Develop,0,Empty
"gen ai, traditional ml, exploratory data analysis",Delivery,0,Empty
"gen ai, traditional ml, exploratory data analysis",Develop,0,Empty
"gen ai, traditional ml, exploratory data analysis","Develop, conversion",0,Empty
"gen ai, traditional ml, exploratory data analysis",Developing emotion recognition systems with better user interaction,0,Empty
"gen ai, traditional ml, exploratory data analysis",Discovery,0,Empty
"gen ai, traditional ml, exploratory data analysis",Emotion design,0,Empty
"gen ai, traditional ml, exploratory data analysis",Evaluation of HCI system,0,Empty
"gen ai, traditional ml, exploratory data analysis",Evaluation of UI design (user response time-based),0,Empty
"gen ai, traditional ml, exploratory data analysis",HCI for feedback interface,0,Empty
"gen ai, traditional ml, exploratory data analysis",Residents service design,0,Empty
"gen ai, traditional ml, exploratory data analysis",adaptive HCI design,0,Empty
"gen ai, traditional ml, exploratory data analysis",define,0,Empty
"gen ai, traditional ml, exploratory data analysis",define ,0,Empty
"gen ai, traditional ml, exploratory data analysis","define, develop",0,Empty
"gen ai, traditional ml, exploratory data analysis",develop ,0,Empty
"gen ai, traditional ml, exploratory data analysis",develope,0,Empty
"gen ai, traditional ml, exploratory data analysis",dfine,0,Empty
"gen ai, traditional ml, exploratory data analysis",discover,0,Empty
"gen ai, traditional ml, exploratory data analysis",discovery,0,Empty
"gen ai, traditional ml, exploratory data analysis","discovery, define",0,Empty
reinforcement learning,???,0,Empty
reinforcement learning,Automatic UI design evaluation,0,Empty
reinforcement learning,Converstional interface design,0,Empty
reinforcement learning,Define,0,Empty
reinforcement learning,Define / Develop,0,Empty
reinforcement learning,Delivery,0,Empty
reinforcement learning,Develop,0,Empty
reinforcement learning,"Develop, conversion",0,Empty
reinforcement learning,Developing emotion recognition systems with better user interaction,0,Empty
reinforcement learning,Discovery,0,Empty
reinforcement learning,Emotion design,0,Empty
reinforcement learning,Evaluation of HCI system,0,Empty
reinforcement learning,Evaluation of UI design (user response time-based),0,Empty
reinforcement learning,HCI for feedback interface,0,Empty
reinforcement learning,Residents service design,0,Empty
reinforcement learning,adaptive HCI design,0,Empty
reinforcement learning,define,0,Empty
reinforcement learning,define ,0,Empty
reinforcement learning,"define, develop",1,Low
reinforcement learning,develop,0,Empty
reinforcement learning,develop ,0,Empty
reinforcement learning,develope,0,Empty
reinforcement learning,dfine,0,Empty
reinforcement learning,discover,0,Empty
reinforcement learning,discovery,0,Empty
reinforcement learning,"discovery, define",0,Empty
traditional ml,???,0,Empty
traditional ml,Automatic UI design evaluation,0,Empty
traditional ml,Converstional interface design,0,Empty
traditional ml,Define,0,Empty
traditional ml,Define / Develop,0,Empty
traditional ml,Delivery,0,Empty
traditional ml,Develop,0,Empty
traditional ml,"Develop, conversion",0,Empty
traditional ml,Developing emotion recognition systems with better user interaction,0,Empty
traditional ml,Discovery,0,Empty
traditional ml,Emotion design,0,Empty
traditional ml,Evaluation of HCI system,0,Empty
traditional ml,Evaluation of UI design (user response time-based),0,Empty
traditional ml,HCI for feedback interface,0,Empty
traditional ml,Residents service design,0,Empty
traditional ml,adaptive HCI design,0,Empty
traditional ml,define,0,Empty
traditional ml,define ,0,Empty
traditional ml,"define, develop",0,Empty
traditional ml,develop ,0,Empty
traditional ml,develope,0,Empty
traditional ml,dfine,0,Empty
traditional ml,discover,0,Empty
traditional ml,discovery,0,Empty
traditional ml,"discovery, define",0,Empty
"traditional ml, deep models",???,0,Empty
"traditional ml, deep models",Automatic UI design evaluation,0,Empty
"traditional ml, deep models",Converstional interface design,0,Empty
"traditional ml, deep models",Define,0,Empty
"traditional ml, deep models",Define / Develop,0,Empty
"traditional ml, deep models",Delivery,0,Empty
"traditional ml, deep models",Develop,0,Empty
"traditional ml, deep models","Develop, conversion",0,Empty
"traditional ml, deep models",Developing emotion recognition systems with better user interaction,0,Empty
"traditional ml, deep models",Discovery,0,Empty
"traditional ml, deep models",Emotion design,0,Empty
"traditional ml, deep models",Evaluation of HCI system,0,Empty
"traditional ml, deep models",Evaluation of UI design (user response time-based),0,Empty
"traditional ml, deep models",HCI for feedback interface,0,Empty
"traditional ml, deep models",Residents service design,0,Empty
"traditional ml, deep models",adaptive HCI design,0,Empty
"traditional ml, deep models",define,2,Low
"traditional ml, deep models",define ,0,Empty
"traditional ml, deep models","define, develop",0,Empty
"traditional ml, deep models",develop,0,Empty
"traditional ml, deep models",develop ,0,Empty
"traditional ml, deep models",develope,0,Empty
"traditional ml, deep models",dfine,0,Empty
"traditional ml, deep models",discover,0,Empty
"traditional ml, deep models",discovery,0,Empty
"traditional ml, deep models","discovery, define",0,Empty
"traditional ml, exploratory data analysis",???,0,Empty
"traditional ml, exploratory data analysis",Automatic UI design evaluation,0,Empty
"traditional ml, exploratory data analysis",Converstional interface design,0,Empty
"traditional ml, exploratory data analysis",Define,0,Empty
"traditional ml, exploratory data analysis",Define / Develop,0,Empty
"traditional ml, exploratory data analysis",Delivery,0,Empty
"traditional ml, exploratory data analysis",Develop,0,Empty
"traditional ml, exploratory data analysis","Develop, conversion",0,Empty
"traditional ml, exploratory data analysis",Developing emotion recognition systems with better user interaction,0,Empty
"traditional ml, exploratory data analysis",Discovery,0,Empty
"traditional ml, exploratory data analysis",Emotion design,0,Empty
"traditional ml, exploratory data analysis",Evaluation of HCI system,0,Empty
"traditional ml, exploratory data analysis",Evaluation of UI design (user response time-based),0,Empty
"traditional ml, exploratory data analysis",HCI for feedback interface,0,Empty
"traditional ml, exploratory data analysis",Residents service design,0,Empty
"traditional ml, exploratory data analysis",adaptive HCI design,0,Empty
"traditional ml, exploratory data analysis",define,1,Low
"traditional ml, exploratory data analysis",define ,0,Empty
"traditional ml, exploratory data analysis","define, develop",1,Low
"traditional ml, exploratory data analysis",develop,2,Low
"traditional ml, exploratory data analysis",develop ,0,Empty
"traditional ml, exploratory data analysis",develope,0,Empty
"traditional ml, exploratory data analysis",dfine,0,Empty
"traditional ml, exploratory data analysis",discover,0,Empty
"traditional ml, exploratory data analysis",discovery,0,Empty
"traditional ml, exploratory data analysis","discovery, define",0,Empty
"traditional ml, reinforcement learning",???,0,Empty
"traditional ml, reinforcement learning",Automatic UI design evaluation,0,Empty
"traditional ml, reinforcement learning",Converstional interface design,0,Empty
"traditional ml, reinforcement learning",Define,0,Empty
"traditional ml, reinforcement learning",Define / Develop,0,Empty
"traditional ml, reinforcement learning",Delivery,0,Empty
"traditional ml, reinforcement learning",Develop,0,Empty
"traditional ml, reinforcement learning","Develop, conversion",0,Empty
"traditional ml, reinforcement learning",Developing emotion recognition systems with better user interaction,0,Empty
"traditional ml, reinforcement learning",Discovery,0,Empty
"traditional ml, reinforcement learning",Emotion design,0,Empty
"traditional ml, reinforcement learning",Evaluation of HCI system,0,Empty
"traditional ml, reinforcement learning",Evaluation of UI design (user response time-based),0,Empty
"traditional ml, reinforcement learning",HCI for feedback interface,0,Empty
"traditional ml, reinforcement learning",Residents service design,0,Empty
"traditional ml, reinforcement learning",adaptive HCI design,0,Empty
"traditional ml, reinforcement learning",define,0,Empty
"traditional ml, reinforcement learning",define ,0,Empty
"traditional ml, reinforcement learning","define, develop",0,Empty
"traditional ml, reinforcement learning",develop,1,Low
"traditional ml, reinforcement learning",develop ,0,Empty
"traditional ml, reinforcement learning",develope,0,Empty
"traditional ml, reinforcement learning",dfine,0,Empty
"traditional ml, reinforcement learning",discover,0,Empty
"traditional ml, reinforcement learning",discovery,0,Empty
"traditional ml, reinforcement learning","discovery, define",0,Empty
