Index,Article_Title,Category,Reference_Text_Preview,Found,Page_Numbers,Match_Confidence,Verification_Method,Issue_Type,Full_Reference_Text,Notes,Timestamp
156,PIKAR: A Pixel-Level Image Kansei Analysis and Recognition System Based on Deep Learning for User-Centered Product Design,Design Phase,This section introduces the construction of a pixel-level Kansei prediction system. Method validatio...,Y,LOCAL,80,PARTIAL,NONE,"This section introduces the construction of a pixel-level Kansei prediction system. Method validation is performed based on the evaluation of cosmetic packaging's kawaii. Two neural nets trained on 1,414 images, labeled by eight participants based on their perception of kawaii (1–5 Likert Scale), have achieved a better prediction than test persons. The implemented neuron analysis methodology for Kansei analysis points towards consistency with previous experimental kawaii studies.",Found via local text search (partial match - first 50 chars),2025-11-28T15:50:18.457140
156,PIKAR: A Pixel-Level Image Kansei Analysis and Recognition System Based on Deep Learning for User-Centered Product Design,AI methods,"For all experiments, we use a modified AlexNet [19] as the base model for transfer learning: we star...",Y,LOCAL,80,PARTIAL,NONE,"For all experiments, we use a modified AlexNet [19] as the base model for transfer learning: we start with weights pre-trained on a larger dataset to increase model accuracy. Contrary to element-level KES, our method is an end-to-end, pixel-level approach that recognizes product Kansei from raw pixel distribution without prior feature handcrafting or extraction.",Found via local text search (partial match - first 50 chars),2025-11-28T15:50:18.673155
102,Recognition and segmentation of complex texture images based on superpixel algorithm and deep learning,Data Modality,Recognizing and segmenting complex texture images such as materials is of great significance to indu...,Y,LOCAL,80,PARTIAL,NONE,"Recognizing and segmenting complex texture images such as materials is of great significance to industrial design and production. Material images contain abundant microstructural information, recognizing material image microstructure is the first step of quantitative analysis. We evaluate our method on 4 different material data sets. Fig. 6(a) is carbon steel A images. Fig. 6(b) is the carbon steel B images; Fig. 6(c) is the ceramics images. Fig. 6(d) is the wood surface image data set.",Found via local text search (partial match - first 50 chars),2025-11-28T15:50:23.059585
102,Recognition and segmentation of complex texture images based on superpixel algorithm and deep learning,"AI Assistance Types (Lee and Kim, 2025)","The generated model after the training round is used to predict the category of rectangular blocks, ...",Y,LOCAL,80,PARTIAL,NONE,"The generated model after the training round is used to predict the category of rectangular blocks, which represents the pixel of the middle in each rectangular block. Recognizing material image microstructure is the first step of quantitative analysis. Material images contain abundant microstructural information, recognizing material image microstructure is the first step of quantitative analysis.",Found via local text search (partial match - first 50 chars),2025-11-28T15:50:23.177370
102,Recognition and segmentation of complex texture images based on superpixel algorithm and deep learning,AI methods,we propose a method based on deep learning for recognizing and segmenting material images with compl...,Y,LOCAL,80,PARTIAL,NONE,"we propose a method based on deep learning for recognizing and segmenting material images with complex textures. Firstly, the simple linear iterative cluster (SLIC) algorithm is used to obtain different numbers of superpixels which are a group of pixels with similar texture features. Then we extract the largest inscribed rectangular block in each superpixel. Next, put these rectangular blocks into the classical convolutional neural network (CNN)—DenseNet to recognize them.",Found via local text search (partial match - first 50 chars),2025-11-28T15:50:23.401311
102,Recognition and segmentation of complex texture images based on superpixel algorithm and deep learning,Design Discipline,Recognizing and segmenting complex texture images such as materials is of great significance to indu...,Y,LOCAL,80,PARTIAL,NONE,"Recognizing and segmenting complex texture images such as materials is of great significance to industrial design and production. Discovering and designing new materials is very important for the development of the industry. Researching the relationship among material macro properties, microstructure and preparation processes is fundamental to developing the new materials.",Found via local text search (partial match - first 50 chars),2025-11-28T15:50:23.500701
141,"Intelligent RFQ Summarization Using Natural Language Processing, Text Mining, and Machine Learning Techniques",AI methods,"These models are shallow, double-layer neural networks used to associate the semantic and linguistic...",Y,LOCAL,80,PARTIAL,NONE,"These models are shallow, double-layer neural networks used to associate the semantic and linguistic context of words. Word2vec is a machine learning approach that generates word vectors from a training text dataset. The K-means algorithm groups the sentences of each specification. This research develops an integrated natural language processing (NLP), text mining, and machine learning approach for intelligent RFQ summarization.",Found via local text search (partial match - first 50 chars),2025-11-28T15:50:23.561397
102,Recognition and segmentation of complex texture images based on superpixel algorithm and deep learning,Design Phase,we propose a method based on deep learning for recognizing and segmenting material images with compl...,Y,LOCAL,80,PARTIAL,NONE,"we propose a method based on deep learning for recognizing and segmenting material images with complex textures. Firstly, the simple linear iterative cluster (SLIC) algorithm is used to obtain different numbers of superpixels which are a group of pixels with similar texture features. Then we extract the largest inscribed rectangular block in each superpixel. Next, put these rectangular blocks into the classical convolutional neural network (CNN)—DenseNet to recognize them.",Found via local text search (partial match - first 50 chars),2025-11-28T15:50:23.603184
141,"Intelligent RFQ Summarization Using Natural Language Processing, Text Mining, and Machine Learning Techniques",Design Practice/Task,The summarization system helps engineers shorten the time to identify all specifications and reduces...,Y,LOCAL,100,EXACT,NONE,The summarization system helps engineers shorten the time to identify all specifications and reduces the risk of missing important requirements during manual RFQ reading. The system helps improve the complex product design for manufacturers and improve the cost estimation and competitiveness of quotations in a highly competitive marketplace.,Found via local text search (full match),2025-11-28T15:50:23.604490
102,Recognition and segmentation of complex texture images based on superpixel algorithm and deep learning,Design Practice/Task,"In this paper, we propose a method based on deep learning for recognizing and segmenting material im...",Y,LOCAL,80,PARTIAL,NONE,"In this paper, we propose a method based on deep learning for recognizing and segmenting material images with complex textures. We propose a material image segmentation method based on the superpixel algorithm and deep learning. We make extensive comparative and ablation experiments to confirm the effectiveness of our method.",Found via local text search (partial match - first 50 chars),2025-11-28T15:50:23.610764
141,"Intelligent RFQ Summarization Using Natural Language Processing, Text Mining, and Machine Learning Techniques",Design Phase,"This research develops an integrated natural language processing (NLP), text mining, and machine lea...",Y,LOCAL,80,PARTIAL,NONE,"This research develops an integrated natural language processing (NLP), text mining, and machine learning approach for intelligent RFQ summarization. Over 1,300 power transformer RFQ requests are used to build a word-embedding model for training and testing. The methodology is divided into three modules including key term extraction, summary generation, and key requirement verification.",Found via local text search (partial match - first 50 chars),2025-11-28T15:50:23.612873
141,"Intelligent RFQ Summarization Using Natural Language Processing, Text Mining, and Machine Learning Techniques",Data About,Request for quotation (RFQ) is a lengthy document soliciting vendor products and services according ...,Y,LOCAL,80,PARTIAL,NONE,"Request for quotation (RFQ) is a lengthy document soliciting vendor products and services according to rigid specifications. The method automatically extracts essential specifications such as voltage, capacity, and impedance from RFQs using text analytics.",Found via local text search (partial match - first 50 chars),2025-11-28T15:50:23.616638
86,Ecological Design with the Use of Selected Inventive Methods including AI-Based,Design Phase,"In the study, the product was not manufactured, but only designed and the technological processes pl...",Y,LOCAL,80,PARTIAL,NONE,"In the study, the product was not manufactured, but only designed and the technological processes planned. The mini refrigerator has the shape of a cuboid with the dimensions of 60×40×35 cm. The design incorporated one generator and two thermostats for multiple temperature zones. A product design was developed that is highly recyclable and environmentally friendly. An ecological analysis of the designed product, including AI-based (artificial neural networks), was carried out.",Found via local text search (partial match - first 50 chars),2025-11-28T15:50:23.618430
141,"Intelligent RFQ Summarization Using Natural Language Processing, Text Mining, and Machine Learning Techniques","AI Assistance Types (Lee and Kim, 2025)",The engineering document automatic summarization system helps the engineer shorten the time to obtai...,Y,LOCAL,80,PARTIAL,NONE,The engineering document automatic summarization system helps the engineer shorten the time to obtain the key information of RFQs and reduce the risk of missing important information during manual reading. Machine learning assists engineers to reduce the probability of misjudgment and saves considerable reading time. The discovered customer common requirements based on cluster analysis helps the engineer to avoid missing essential requirements.,Found via local text search (partial match - first 50 chars),2025-11-28T15:50:23.618892
86,Ecological Design with the Use of Selected Inventive Methods including AI-Based,AI methods,"The study used a three-layer forward neural network (Figure 4), a back propagation (BP) algorithm as...",Y,LOCAL,80,PARTIAL,NONE,"The study used a three-layer forward neural network (Figure 4), a back propagation (BP) algorithm as a popular gradient-based local search optimization technique, a Perceptron Linkage Optimization set for minimal multi-layer diagnostics focused on setting the mean squared error (MSE), and naive initialization techniques. An MLP-type network (multi-layer perceptron) performs a mapping of an n-dimensional input vector to an m-dimensional output signal, typically using a single hidden layer with up to 3n neurons.",Found via local text search (partial match - first 50 chars),2025-11-28T15:50:23.619423
141,"Intelligent RFQ Summarization Using Natural Language Processing, Text Mining, and Machine Learning Techniques",Design Discipline,The system helps improve the complex product design for manufacturers and improve the cost estimatio...,Y,LOCAL,80,PARTIAL,NONE,The system helps improve the complex product design for manufacturers and improve the cost estimation and competitiveness of quotations in a highly competitive marketplace. The engineering of highly customized production processes and the RFQ is regarded as pre-contract cost planning and control between the manufacturer and the customer.,Found via local text search (partial match - first 50 chars),2025-11-28T15:50:23.619855
141,"Intelligent RFQ Summarization Using Natural Language Processing, Text Mining, and Machine Learning Techniques",Data Modality,"Over 1,300 power transformer RFQ requests are used to build a word-embedding model for training and ...",Y,LOCAL,100,EXACT,NONE,"Over 1,300 power transformer RFQ requests are used to build a word-embedding model for training and testing. Domain keywords are extracted using N-gram TF-IDF. The method automatically extracts essential specifications such as voltage, capacity, and impedance from RFQs using text analytics.",Found via local text search (full match),2025-11-28T15:50:23.620604
144,Machine learning for topology optimization: Physics-based learning through an independent training strategy,Data Modality,"The discretized stiffness map can be interpreted as a 3D image, where elements in the discretization...",Y,LOCAL,100,EXACT,NONE,"The discretized stiffness map can be interpreted as a 3D image, where elements in the discretization are the voxels of the 3D object, in analogy to the pixels of a 2D image. Therefore, similar to the way 2D CLs extract local features from images for image classification, we use 3D CLs to extract local features from the stiffness map.",Found via local text search (full match),2025-11-28T15:50:27.233914
144,Machine learning for topology optimization: Physics-based learning through an independent training strategy,"AI Assistance Types (Lee and Kim, 2025)","the ML model takes the stiffness distribution of the fine-resolution mesh (i.e., E_i(z_i) defined in...",Y,LOCAL,80,PARTIAL,NONE,"the ML model takes the stiffness distribution of the fine-resolution mesh (i.e., E_i(z_i) defined in Eq. (4)) and the displacement field on the coarse-resolution mesh as input features, and outputs the sensitivity of the objective function with respect to the material stiffness of the fine mesh... Once we obtain this sensitivity, we can then efficiently compute the sensitivity with respect to the design variables using the chain rule, as described in Eq. (7), which are then used to update the fine-resolution design.",Found via local text search (partial match - first 50 chars),2025-11-28T15:50:27.237949
144,Machine learning for topology optimization: Physics-based learning through an independent training strategy,Design Phase,we propose an artificial intelligence approach to drastically accelerate topology optimization witho...,Y,LOCAL,80,PARTIAL,NONE,"we propose an artificial intelligence approach to drastically accelerate topology optimization without sacrificing its accuracy. The resulting AI-driven topology optimization can fully capture the underlying physics of the problem. The main implementation, used to obtain the results, is developed in python 3.6, using the PyTorch library for the implementation of the ML model.",Found via local text search (partial match - first 50 chars),2025-11-28T15:50:27.239219
144,Machine learning for topology optimization: Physics-based learning through an independent training strategy,Data About,"Structural optimization [2] has the potential to revolutionize the way engineers design our world, l...",Y,LOCAL,100,EXACT,NONE,"Structural optimization [2] has the potential to revolutionize the way engineers design our world, leading to structures that are lighter, safer and more efficient than the present-day ones. In the field of structural optimization, topology optimization [3] is a popular technique that allows for the free distribution of material in a given domain to minimize a given objective function.",Found via local text search (full match),2025-11-28T15:50:27.244328
144,Machine learning for topology optimization: Physics-based learning through an independent training strategy,Design Practice/Task,The high computational cost of topology optimization has prevented its widespread use as a generativ...,Y,LOCAL,80,PARTIAL,NONE,"The high computational cost of topology optimization has prevented its widespread use as a generative design tool. To reduce this computational cost, we propose an artificial intelligence approach to drastically accelerate topology optimization without sacrificing its accuracy. The speedup enabled by the framework makes topology optimization a more attractive tool for engineers in search of lighter and stronger structures, with the potential to revolutionize the engineering design process.",Found via local text search (partial match - first 50 chars),2025-11-28T15:50:27.245011
156,PIKAR: A Pixel-Level Image Kansei Analysis and Recognition System Based on Deep Learning for User-Centered Product Design,Data About,The word 'Kansei' originates in Japan and refers to the customers' feelings and perception towards a...,Y,CANDIDATES,100,EXACT,NONE,The word 'Kansei' originates in Japan and refers to the customers' feelings and perception towards a product. Kansei engineering has been developed as the translation technology between product design parameters and human perception and has maintained a significant role in the consumer-oriented product development paradigm.,,2025-11-28T15:50:41.527276
144,Machine learning for topology optimization: Physics-based learning through an independent training strategy,Design Discipline,The speedup enabled by the framework makes topology optimization a more attractive tool for engineer...,Y,CANDIDATES,100,EXACT,NONE,"The speedup enabled by the framework makes topology optimization a more attractive tool for engineers in search of lighter and stronger structures, with the potential to revolutionize the engineering design process.",,2025-11-28T15:50:47.634532
156,PIKAR: A Pixel-Level Image Kansei Analysis and Recognition System Based on Deep Learning for User-Centered Product Design,Data Modality,"Two neural nets trained on 1,414 images, labeled by eight participants based on their perception of ...",Y,CANDIDATES,95,PARAPHRASE,NONE,"Two neural nets trained on 1,414 images, labeled by eight participants based on their perception of kawaii (1–5 Likert Scale), have achieved a better prediction than test persons.",,2025-11-28T15:50:47.773150
156,PIKAR: A Pixel-Level Image Kansei Analysis and Recognition System Based on Deep Learning for User-Centered Product Design,"AI Assistance Types (Lee and Kim, 2025)",KawaiiNet achieves an accuracy of 84% in identifying kawaii design of cosmetic packaging; and Kawaii...,Y,CANDIDATES,98,EXACT,NONE,KawaiiNet achieves an accuracy of 84% in identifying kawaii design of cosmetic packaging; and KawaiiScoreNet predicts the kawaii values with an accuracy of 90.6% within a 1-point tolerance and 69.3% within a 0.5-point tolerance. We propose a deep learning based Kansei analysis method: the neuron analysis methodology incorporating net visualization techniques to identify features affecting Kansei for future design improvement.,,2025-11-28T15:50:48.344557
144,Machine learning for topology optimization: Physics-based learning through an independent training strategy,AI methods,A deep neural network (DNN) is used as the ML model. The architecture of the DNN is inspired by the ...,Y,CANDIDATES,100,EXACT,NONE,"A deep neural network (DNN) is used as the ML model. The architecture of the DNN is inspired by the models used for image classification, in which convolutional layers (CLs) extract the main features of an image and fully connected layers are subsequently used for the final classification. In a similar manner, we use 3D CLs to extract information from the discretized stiffness map of the structure. The discretized stiffness map can be interpreted as a 3D image, where elements in the discretization are the voxels of the 3D object, in analogy to the pixels of a 2D image.",,2025-11-28T15:50:49.390262
104,Topology Optimization of Industrial Equipment: A Deep Learning Approach and Software Implement,Design Phase,"Therefore, in this paper, based on the SIMP method of flexibility minimization, topology optimizatio...",Y,CANDIDATES,95,PARAPHRASE,NONE,"Therefore, in this paper, based on the SIMP method of flexibility minimization, topology optimization software for industrial equipment is first developed using PyQt. Then, samples with different boundary conditions are generated using the developed topology optimization software. Finally, the mapping relationship between the initial displacement field and the topology is established based on convolutional neural network.",,2025-11-28T15:50:50.461455
104,Topology Optimization of Industrial Equipment: A Deep Learning Approach and Software Implement,Data About,"Equipment product design is a crucial task in modern engineering, its performance and effectiveness ...",N,CANDIDATES,85,NONE,HALLUCINATION,"Equipment product design is a crucial task in modern engineering, its performance and effectiveness directly affect the quality, efficiency and safety of industrial production. Topology-optimization design aims to improve the structural strength, reduce the weight, and optimize the overall performance and reliability of a product by optimizing the material distribution and structural form.",,2025-11-28T15:50:50.538105
104,Topology Optimization of Industrial Equipment: A Deep Learning Approach and Software Implement,"AI Assistance Types (Lee and Kim, 2025)",the established deep learning model can output the most available topology structure according to th...,Y,CANDIDATES,75,PARAPHRASE,PARAPHRASE,"the established deep learning model can output the most available topology structure according to the initial displacement field of the structure. once the neural network has been trained, it can be used to quickly and accurately predict the topology under various operating conditions.",,2025-11-28T15:50:51.233565
104,Topology Optimization of Industrial Equipment: A Deep Learning Approach and Software Implement,AI methods,the mapping relationship between the initial displacement field and the topology is established base...,Y,CANDIDATES,90,EXACT,NONE,"the mapping relationship between the initial displacement field and the topology is established based on convolutional neural network. The results show that the developed topology optimization software can directly give the corresponding topology structure according to the structural parameters and optimization parameters set by the user, and the established deep learning model can output the most available topology structure according to the initial displacement field of the structure.",,2025-11-28T15:50:51.321461
86,Ecological Design with the Use of Selected Inventive Methods including AI-Based,Design Discipline,This article presents research results on the use of inventive methods to develop an eco-friendly pr...,Y,CANDIDATES,98,EXACT,NONE,"This article presents research results on the use of inventive methods to develop an eco-friendly product. A household appliance was selected as the object of research. The research was conducted on a household appliance—a refrigerator. The manufacturing of household appliances, which are categorized as electrical and electronic equipment, is one of the pillars of the European economy and is undergoing continuous development.",,2025-11-28T15:50:51.430103
104,Topology Optimization of Industrial Equipment: A Deep Learning Approach and Software Implement,Design Discipline,"Equipment product design is a crucial task in modern engineering, its performance and effectiveness ...",Y,CANDIDATES,75,PARAPHRASE,PARAPHRASE,"Equipment product design is a crucial task in modern engineering, its performance and effectiveness directly affect the quality, efficiency and safety of industrial production. However, traditional equipment product design methods are often limited by experience and trial-and-error, suffer from time-consuming, resource-wasting and high-cost problems",,2025-11-28T15:50:53.320199
86,Ecological Design with the Use of Selected Inventive Methods including AI-Based,Data About,"Fifty-four neurons were placed in the input layer, each of which was responsible for answering one q...",Y,CANDIDATES,75,PARAPHRASE,PARAPHRASE,"Fifty-four neurons were placed in the input layer, each of which was responsible for answering one question (one numerical parameter) from Table 6. The environmental quality assessment (EQA) is the arithmetic mean of answers to the questions shown in Table 6. Results of an environmental analysis of the product justify the actions taken to design an environmentally friendly product.",,2025-11-28T15:50:53.934964
104,Topology Optimization of Industrial Equipment: A Deep Learning Approach and Software Implement,Data Modality,"U_1, U_2, vol are merged into a three-channel image data of size [number of row nodes, number of col...",Y,CANDIDATES,65,PARAPHRASE,PARAPHRASE,"U_1, U_2, vol are merged into a three-channel image data of size [number of row nodes, number of column nodes, 3, number of samples]. The output of the deep learning model provides the optimized structure layout under the given conditions in the form of a relative density matrix, with dimensions of 32×64",,2025-11-28T15:50:54.671394
104,Topology Optimization of Industrial Equipment: A Deep Learning Approach and Software Implement,Design Practice/Task,"Topology-optimization design aims to improve the structural strength, reduce the weight, and optimiz...",Y,CANDIDATES,45,SEMANTIC,PARAPHRASE,"Topology-optimization design aims to improve the structural strength, reduce the weight, and optimize the overall performance and reliability of a product by optimizing the material distribution and structural form, using numerical computation and optimization algorithms. In equipment product design, topology-optimization design has great potential to help designers and engineers overcome many challenges faced by traditional design methods.",,2025-11-28T15:50:54.828189
156,PIKAR: A Pixel-Level Image Kansei Analysis and Recognition System Based on Deep Learning for User-Centered Product Design,Design Practice/Task,we present a Pixel-level Image Kansei Analysis and Recognition (PIKAR) system that applies deep lear...,Y,CANDIDATES,90,PARAPHRASE,NONE,"we present a Pixel-level Image Kansei Analysis and Recognition (PIKAR) system that applies deep learning to extract and analyze the formation of human perception towards product designs automatically... We present a neuron analysis approach to identify features that cause the formation of Kansei and support future product design... The proposed technology has possible applications in customized product recommendation systems, design-supporting systems",,2025-11-28T15:50:54.836937
86,Ecological Design with the Use of Selected Inventive Methods including AI-Based,Data Modality,"Questionnaires had been developed to collect the ideas. At stage one, participants in the creativity...",Y,CANDIDATES,90,PARAPHRASE,NONE,"Questionnaires had been developed to collect the ideas. At stage one, participants in the creativity session gave answers to the biased questions based on the reverse brainstorming and stimulating methods. The environmental quality assessment (EQA) is the arithmetic mean of answers to the questions shown in Table 6 (always one answer only).",,2025-11-28T15:50:55.125133
125,Machine learning-based design support system for the prediction of heterogeneous machine parameters in industry 4.0,Data About,"This paper aims to fill this gap by introducing an innovative Design Support System (DesSS), origina...",Y,LOCAL,80,PARTIAL,NONE,"This paper aims to fill this gap by introducing an innovative Design Support System (DesSS), originated from the Decision Support System, for the prediction and estimation of machine specification data such as machine geometry and machine design on the basis of heterogeneous input parameters.",Found via local text search (partial match - first 50 chars),2025-11-28T15:50:56.198878
125,Machine learning-based design support system for the prediction of heterogeneous machine parameters in industry 4.0,"AI Assistance Types (Lee and Kim, 2025)",Machine learning-based design support system for the prediction of heterogeneous machine parameters ...,Y,LOCAL,80,PARTIAL,NONE,Machine learning-based design support system for the prediction of heterogeneous machine parameters in industry 4.0. The main goal of DesSS is to provide the decision support in the design field. The predicted parameters are then used for the recommendation towards the best technical choice for the designers and technicians.,Found via local text search (partial match - first 50 chars),2025-11-28T15:50:56.204120
125,Machine learning-based design support system for the prediction of heterogeneous machine parameters in industry 4.0,Design Discipline,There is the need for a tool that will fill the missing gap in the optimization problems in engineer...,Y,LOCAL,80,PARTIAL,NONE,"There is the need for a tool that will fill the missing gap in the optimization problems in engineering design processes, by making use of the advances in the artificial intelligence field. This paper aims to fill this gap by introducing an innovative Design Support System (DesSS), originated from the Decision Support System, for the prediction and estimation of machine specification data such as machine geometry and machine design on the basis of heterogeneous input parameters.",Found via local text search (partial match - first 50 chars),2025-11-28T15:50:56.264758
125,Machine learning-based design support system for the prediction of heterogeneous machine parameters in industry 4.0,Design Phase,"This paper aims to fill this gap by introducing an innovative Design Support System (DesSS), origina...",Y,LOCAL,80,PARTIAL,NONE,"This paper aims to fill this gap by introducing an innovative Design Support System (DesSS), originated from the Decision Support System, for the prediction and estimation of machine specification data such as machine geometry and machine design on the basis of heterogeneous input parameters. Experimental results obtained on a real use case and using two different real datasets demonstrated the reliability and the effectiveness of the proposed approach.",Found via local text search (partial match - first 50 chars),2025-11-28T15:50:56.302653
125,Machine learning-based design support system for the prediction of heterogeneous machine parameters in industry 4.0,Data Modality,"The input parameters can be divided in motor performance (e.g., torque, voltage, efficiency, speed-R...",Y,LOCAL,80,PARTIAL,NONE,"The input parameters can be divided in motor performance (e.g., torque, voltage, efficiency, speed-RPM), field of application, i.e. Application (e.g., washing machine, dishwasher, air conditioner, heat pump), geographic market, i.e. Market (e.g., USA, Europe) and range of costs, i.e. Standard and Variable cost.",Found via local text search (partial match - first 50 chars),2025-11-28T15:50:56.345355
125,Machine learning-based design support system for the prediction of heterogeneous machine parameters in industry 4.0,Design Practice/Task,The main goal of this work was to create a system that brings together in an interesting tool many y...,Y,LOCAL,80,PARTIAL,NONE,"The main goal of this work was to create a system that brings together in an interesting tool many years of experience of designers and laboratory technicians. It provides the research and product development departments with a tool that can guide the designer towards the best possible technical choice. We propose a novel concept of machine learning-based DesSS to support the designing choice, based on the available data of the company production processes. For instance, the algorithm is capable of predicting the machine geometry and material on the basis of several input parameters: machine performance (torque, efficiency, speed, etc.), final application, market, and cost range.",Found via local text search (partial match - first 50 chars),2025-11-28T15:50:56.385881
102,Recognition and segmentation of complex texture images based on superpixel algorithm and deep learning,Data About,"Material images contain abundant microstructural information, recognizing material image microstruct...",Y,CANDIDATES,85,EXACT,PARAPHRASE,"Material images contain abundant microstructural information, recognizing material image microstructure is the first step of quantitative analysis. The carbon steel data sets are built by obtaining the UHCSDB (Ultra High Carbon Steel Micrograph Data Base), which represents several types of carbon steel. Fig. 6(c) is the ceramics images. Fig. 6(d) is the wood surface image data set.",,2025-11-28T15:50:56.620223
86,Ecological Design with the Use of Selected Inventive Methods including AI-Based,Design Practice/Task,Detaileddesign - Selectmaterialstakingintoconsiderationenvironmentalaspects. - Analyzetheproductlife...,Y,CANDIDATES,95,EXACT,NONE,"Detaileddesign - Selectmaterialstakingintoconsiderationenvironmentalaspects. - Analyzetheproductlifecycle. - Designtheproduct,takingintoconsiderationtheassembly anddisassembly. The designed product is highly recyclable and environmentally friendly. An ecological analysis of the designed product, including AI-based (artificial neural networks), was carried out.",,2025-11-28T15:50:57.264146
156,PIKAR: A Pixel-Level Image Kansei Analysis and Recognition System Based on Deep Learning for User-Centered Product Design,Design Discipline,"Kansei Engineering System has been proved useful in industrial design [6,7], packaging design [3,4],...",Y,CANDIDATES,85,PARAPHRASE,NONE,"Kansei Engineering System has been proved useful in industrial design [6,7], packaging design [3,4], and even interior design [11]. This work addresses the possibility of applying deep learning to support product design and user experience researches. Kansei engineering has been developed as the translation technology between product design parameters and human perception and has maintained a significant role in the consumer-oriented product development paradigm.",,2025-11-28T15:50:57.434660
86,Ecological Design with the Use of Selected Inventive Methods including AI-Based,"AI Assistance Types (Lee and Kim, 2025)","An ecological analysis of the designed product, including AI-based (artificial neural networks), was...",Y,CANDIDATES,95,EXACT,NONE,"An ecological analysis of the designed product, including AI-based (artificial neural networks), was carried out, which showed the legitimacy of the actions taken to develop an environmentally friendly product. The proposed ANN was able to quickly estimate and identify a solution to the problem of selecting/optimising the product parameters as a basic or competitive solution to a traditional IT program. To solve the overall problem, we used a single artificial neural network in which the input to the network was questions and answers (56, 57, stages: PRE-MANUFACTURING, MANUFACTURING, POST-MANUFACTURING) and the output was the class in Table 5 (EQA).",,2025-11-28T15:50:58.639244
138,Research on design forms based on artificial intelligence collaboration model,Data Modality,Midjourney and Stable Diffusion are the AI-generating tools used in this session. Their primary meth...,Y,LOCAL,80,PARTIAL,NONE,Midjourney and Stable Diffusion are the AI-generating tools used in this session. Their primary methods of input are reference images and prompts,Found via local text search (partial match - first 50 chars),2025-11-28T15:51:05.217823
138,Research on design forms based on artificial intelligence collaboration model,AI methods,"This research begins with the design morphology theory, integrates interdisciplinary theories such a...",Y,LOCAL,80,PARTIAL,NONE,"This research begins with the design morphology theory, integrates interdisciplinary theories such as bionic design, and topology research, and collaborates with AIGC tools such as Midjourney, Stable Diffusion, and Chilloutmix to conduct case-specific research. Midjourney and Stable Diffusion are the AI-generating tools used in this session.",Found via local text search (partial match - first 50 chars),2025-11-28T15:51:05.650617
110,Nonlinear Time Series Fuzzy Regression for Developing Explainable Consumer Preferences' Models Based on Online Comments,Data Modality,"By extracting information from online reviews, these companies can obtain valuable data for developi...",Y,LOCAL,80,PARTIAL,NONE,"By extracting information from online reviews, these companies can obtain valuable data for developing new products. In addition, through the analysis of online comments, we can effectively obtain the time series data of consumer preferences with very low cost.",Found via local text search (partial match - first 50 chars),2025-11-28T15:51:06.818066
110,Nonlinear Time Series Fuzzy Regression for Developing Explainable Consumer Preferences' Models Based on Online Comments,Design Discipline,"In CONSUMER-DRIVEN product design, the wishes and demands of each consumer are placed at the center ...",Y,LOCAL,80,PARTIAL,NONE,"In CONSUMER-DRIVEN product design, the wishes and demands of each consumer are placed at the center of value creation. Through the analysis of consumer preferences, the main relationship between consumer preferences and product design attributes can be easily established. On the premise of the model, the design attributes of new products can be optimized by maximizing the emotional score of consumer preferences.",Found via local text search (partial match - first 50 chars),2025-11-28T15:51:06.822763
110,Nonlinear Time Series Fuzzy Regression for Developing Explainable Consumer Preferences' Models Based on Online Comments,AI methods,"In this article, a nonlinear time series fuzzy regression method is proposed to model the variationa...",Y,LOCAL,80,PARTIAL,NONE,"In this article, a nonlinear time series fuzzy regression method is proposed to model the variational consumer preference based on online comments, which can generate a fuzzy dynamic consumer preference model with interactive terms, second-order and/or higher order terms. The multiobjective chaos optimization algorithm is then applied to develop the polynomial structure of fuzzy dynamic consumer preferences' models. Thereafter, an FR approach is introduced to obtain the values of fuzzy coefficients for each item in the model structure.",Found via local text search (partial match - first 50 chars),2025-11-28T15:51:06.823318
1,DeepMorpher: deep learning-based design space dimensionality reduction for shape optimisation,Design Discipline,Simulation-based design optimisation (SBDO) frameworks have been widely applied across many engineer...,Y,LOCAL,80,PARTIAL,NONE,Simulation-based design optimisation (SBDO) frameworks have been widely applied across many engineering industries,Found via local text search (partial match - first 50 chars),2025-11-28T15:51:07.854203
113,A cognitive analysis-based key concepts derivation approach for product design,Design Discipline,Product design starts with the generation of concepts that realizes particular customer-required fun...,Y,LOCAL,80,PARTIAL,NONE,"Product design starts with the generation of concepts that realizes particular customer-required functionality creatively or recursively. In the development of a new product, concept generation is a crucial stage, as it determines much of the cost of the product lifetime. A DbA-based VPA experiment was conducted to collect data for design analysis... They had previously worked on an elevator design project and had a thorough understanding of elevator design and operation.",Found via local text search (partial match - first 50 chars),2025-11-28T15:51:07.899024
113,A cognitive analysis-based key concepts derivation approach for product design,AI methods,Deep learning-based pretrained language models can be a potential solution to overcome these limitat...,Y,LOCAL,80,PARTIAL,NONE,"Deep learning-based pretrained language models can be a potential solution to overcome these limitations. This approach leverages a pretrained language model to extract information from multiple sources of textual data and represents design thinking in a vector space. The base BERT model is based on 12-layer Transformer encoding network. By stacking several Transformer encoder blocks, BERT converts the text into the hidden representations.",Found via local text search (partial match - first 50 chars),2025-11-28T15:51:07.933580
113,A cognitive analysis-based key concepts derivation approach for product design,"AI Assistance Types (Lee and Kim, 2025)",The proposed framework enables the integration of prior knowledge derived from multiple product desi...,Y,LOCAL,80,PARTIAL,NONE,"The proposed framework enables the integration of prior knowledge derived from multiple product design documents into the ideation process for a novel product, while the utilization of a pretrained language model serves to distill and refine the relevant information pertaining to key concepts.",Found via local text search (partial match - first 50 chars),2025-11-28T15:51:07.983871
113,A cognitive analysis-based key concepts derivation approach for product design,Data About,"In product design, textual descriptions and spoken words are also employed to offer insight into the...",Y,LOCAL,80,PARTIAL,NONE,"In product design, textual descriptions and spoken words are also employed to offer insight into the thinking process and the previous design schemes. We conduct a Design-by-Analogy based verbal protocol analysis experiment for high-speed elevators to collect verbal data and establish a design thinking corpus. Based on this, our approach is employed for key concepts derivation in product design and explore how solutions are generated to realize specific customer-required functionality.",Found via local text search (partial match - first 50 chars),2025-11-28T15:51:07.986479
125,Machine learning-based design support system for the prediction of heterogeneous machine parameters in industry 4.0,AI methods,"As the main core of the developed DesSS, we introduced different machine learning (ML) approaches ba...",Y,CANDIDATES,98,EXACT,NONE,"As the main core of the developed DesSS, we introduced different machine learning (ML) approaches based on Decision/Regression Tree, k-Nearest Neighbors, and Neighborhood Component Features Selection.",,2025-11-28T15:51:11.581790
1,DeepMorpher: deep learning-based design space dimensionality reduction for shape optimisation,Data Modality,"Manxin Chen:
Our proposed architecture is a PointNet-based encoder–decoder network, which can direct...",Y,CANDIDATES,100,EXACT,NONE,"Manxin Chen:
Our proposed architecture is a PointNet-based encoder–decoder network, which can directly be trained on 3D point-cloud geometries",,2025-11-28T15:51:22.053479
138,Research on design forms based on artificial intelligence collaboration model,Design Discipline,This study also summarizes the AIGC prompt formula for the industrial design field and proposes an i...,Y,CANDIDATES,98,EXACT,NONE,This study also summarizes the AIGC prompt formula for the industrial design field and proposes an innovative seven-step design form research method with shape finding and shape making.,,2025-11-28T15:51:22.203090
1,DeepMorpher: deep learning-based design space dimensionality reduction for shape optimisation,Design Phase,"Manxin Chen:
AI evaluates design options against specific criteria… Bayesian approach to explore the...",N,CANDIDATES,95,NONE,HALLUCINATION,"Manxin Chen:
AI evaluates design options against specific criteria… Bayesian approach to explore the solution space efficiently",,2025-11-28T15:51:24.425084
1,DeepMorpher: deep learning-based design space dimensionality reduction for shape optimisation,Data About,"Manxin Chen:
3D point-cloud geometries… simulation-ready high-quality geometries",Y,CANDIDATES,100,EXACT,NONE,"Manxin Chen:
3D point-cloud geometries… simulation-ready high-quality geometries",,2025-11-28T15:51:24.873903
138,Research on design forms based on artificial intelligence collaboration model,Design Phase,"Development: 1. Design exploration: Given the description and constraints, AI generates a vast numbe...",Y,CANDIDATES,98,EXACT,NONE,"Development: 1. Design exploration: Given the description and constraints, AI generates a vast number of design solutions within a short time, enhancing design efficiency. 2. Participatory design: Generative AI effectively enhances user participation and stimulates their creative potential. 3. Iterative optimization: AI facilitates iterative improvements in the design process, with a certain degree of randomness, ultimately influencing the outcome.",,2025-11-28T15:51:26.669340
113,A cognitive analysis-based key concepts derivation approach for product design,Design Phase,"In the development of a new product, concept generation is a crucial stage, as it determines much of...",Y,CANDIDATES,98,PARAPHRASE,NONE,"In the development of a new product, concept generation is a crucial stage, as it determines much of the cost of the product lifetime. The process of generating concepts that meet customer requirements, however, can be challenging due to incomplete information, chaotic design constraints, and complicated design iterations.",,2025-11-28T15:51:26.753529
1,DeepMorpher: deep learning-based design space dimensionality reduction for shape optimisation,AI methods,"Manxin Chen:
DeepMorpher is a PointNet-based encoder-decoder network",Y,CANDIDATES,98,PARAPHRASE,NONE,"Manxin Chen:
DeepMorpher is a PointNet-based encoder-decoder network",,2025-11-28T15:51:26.881844
138,Research on design forms based on artificial intelligence collaboration model,"AI Assistance Types (Lee and Kim, 2025)","AI synergy provides new ideas for complex morphology research, extends and complements design, and p...",Y,CANDIDATES,98,EXACT,NONE,"AI synergy provides new ideas for complex morphology research, extends and complements design, and plays a crucial role in the phases of morphology exploration, concept generation, and solution implementation, thereby assisting in the exploration of the central content of design morphology. Experimental verification is required for testing validity so that morphological laws are not only investigated conceptually but quantitatively as well.",,2025-11-28T15:51:27.004309
110,Nonlinear Time Series Fuzzy Regression for Developing Explainable Consumer Preferences' Models Based on Online Comments,"AI Assistance Types (Lee and Kim, 2025)",The purpose of the proposed approach in this article is to predict the future sentiment scores of co...,Y,CANDIDATES,95,EXACT,NONE,"The purpose of the proposed approach in this article is to predict the future sentiment scores of consumer preference. Based on the developed fuzzy dynamic consumer preferences' models, the relationship between the future sentiment scores of consumer preference as well as the product attributes and the historical sentiment scores of consumer preferences is obtained explicitly.",,2025-11-28T15:51:27.362725
113,A cognitive analysis-based key concepts derivation approach for product design,Design Practice/Task,"In the development of a new product, concept generation is a crucial stage, as it determines much of...",Y,CANDIDATES,98,EXACT,NONE,"In the development of a new product, concept generation is a crucial stage, as it determines much of the cost of the product lifetime. The process of generating concepts that meet customer requirements, however, can be challenging due to incomplete information, chaotic design constraints, and complicated design iterations. Concept generation is the process of mapping required functions into specific components with certain performance.",,2025-11-28T15:51:28.491363
1,DeepMorpher: deep learning-based design space dimensionality reduction for shape optimisation,"AI Assistance Types (Lee and Kim, 2025)","Manxin Chen:
Allows sampling and interpolation of low-dimensional latent space to generate realistic...",Y,CANDIDATES,95,PARAPHRASE,NONE,"Manxin Chen:
Allows sampling and interpolation of low-dimensional latent space to generate realistic, feasible and valid novel designs

Bayesian optimisation… uses probabilistic surrogate models… to provide posterior distribution over true function values.",,2025-11-28T15:51:28.979765
138,Research on design forms based on artificial intelligence collaboration model,Data About,The purpose of this study is to investigate the research method of design form under the collaborati...,Y,CANDIDATES,95,EXACT,NONE,"The purpose of this study is to investigate the research method of design form under the collaborative mode of artificial intelligence and verify its validity, to provide new ideas for design to carry out interdisciplinary research. This study focuses primarily on morphological research and AI synergy innovation, analysis the theoretical significance of morphological research from an existentialist perspective, combining semiotics, emphasizing the significance of morphology as implication and language that has not yet been fully captured.",,2025-11-28T15:51:30.007293
110,Nonlinear Time Series Fuzzy Regression for Developing Explainable Consumer Preferences' Models Based on Online Comments,Design Practice/Task,"Through the analysis of consumer preferences, the main relationship between consumer preferences and...",Y,CANDIDATES,78,PARAPHRASE,PARAPHRASE,"Through the analysis of consumer preferences, the main relationship between consumer preferences and product design attributes can be easily established. On the premise of the model, the design attributes of new products can be optimized by maximizing the emotional score of consumer preferences.",,2025-11-28T15:51:30.356372
113,A cognitive analysis-based key concepts derivation approach for product design,Data Modality,"Most data in product design are contained in the form of text such as design logs, documents and ver...",Y,CANDIDATES,100,EXACT,NONE,"Most data in product design are contained in the form of text such as design logs, documents and verbal descriptions (Shi, Chen, Han, & Childs, 2017).",,2025-11-28T15:51:30.774371
138,Research on design forms based on artificial intelligence collaboration model,Design Practice/Task,"AI synergy provides new ideas for complex morphology research, extends and complements design, and p...",Y,CANDIDATES,98,EXACT,NONE,"AI synergy provides new ideas for complex morphology research, extends and complements design, and plays a crucial role in the phases of morphology exploration, concept generation, and solution implementation. Development: Design exploration: Given the description and constraints, AI generates a vast number of design solutions within a short time, enhancing design efficiency. Iterative optimization: AI facilitates iterative improvements in the design process, with a certain degree of randomness, ultimately influencing the outcome.",,2025-11-28T15:51:31.611423
110,Nonlinear Time Series Fuzzy Regression for Developing Explainable Consumer Preferences' Models Based on Online Comments,Data About,"consumer preferences are not static and changing over the time. In the process of time, they will ch...",Y,CANDIDATES,85,PARAPHRASE,PARAPHRASE,"consumer preferences are not static and changing over the time. In the process of time, they will change rapidly, especially for consumables. The sentiment scores of consumer preferences in different time intervals are obtained. The sentimental scores of consumer preferences under the historical time intervals y(t−1), y(t−2),...,y(t−m) are used as a part of inputs.",,2025-11-28T15:51:32.426524
1,DeepMorpher: deep learning-based design space dimensionality reduction for shape optimisation,Design Practice/Task,"Manxin Chen:
A multi-objective hull shape optimisation for a fast catamaran",Y,CANDIDATES,95,EXACT,NONE,"Manxin Chen:
A multi-objective hull shape optimisation for a fast catamaran",,2025-11-28T15:51:33.498261
110,Nonlinear Time Series Fuzzy Regression for Developing Explainable Consumer Preferences' Models Based on Online Comments,Design Phase,"Through the analysis of consumer preferences, the main relationship between consumer preferences and...",Y,CANDIDATES,92,PARAPHRASE,NONE,"Through the analysis of consumer preferences, the main relationship between consumer preferences and product design attributes can be easily established. On the premise of the model, the design attributes of new products can be optimized by maximizing the emotional score of consumer preferences.",,2025-11-28T15:51:33.928288
53,Optimizing Product Design Using Genetic Algorithms and Artificial Intelligence Techniques,Design Discipline,"Manxin Chen:
The primary domain is product design optimization. The methodology supports engineering...",Y,CANDIDATES,95,PARAPHRASE,NONE,"Manxin Chen:
The primary domain is product design optimization. The methodology supports engineering design activities.",,2025-11-28T15:51:35.479668
53,Optimizing Product Design Using Genetic Algorithms and Artificial Intelligence Techniques,Design Phase,"Manxin Chen:
The core focus is optimizing product design to achieve predefined efficiency and constr...",Y,CANDIDATES,70,SEMANTIC,PARAPHRASE,"Manxin Chen:
The core focus is optimizing product design to achieve predefined efficiency and constraint goals, a dedicated activity of the Develop phase.",,2025-11-28T15:51:39.044329
53,Optimizing Product Design Using Genetic Algorithms and Artificial Intelligence Techniques,AI methods,"Manxin Chen:
The primary algorithm used for optimization is the Genetic Algorithm (GA). The framewor...",Y,CANDIDATES,50,SEMANTIC,HALLUCINATION,"Manxin Chen:
The primary algorithm used for optimization is the Genetic Algorithm (GA). The framework also utilizes clustering and regression techniques for model refinement.",,2025-11-28T15:51:39.264551
53,Optimizing Product Design Using Genetic Algorithms and Artificial Intelligence Techniques,Design Practice/Task,"Manxin Chen:
Optimizing Product Design Using Genetic Algorithms and Artificial Intelligence Techniqu...",Y,CANDIDATES,100,EXACT,NONE,"Manxin Chen:
Optimizing Product Design Using Genetic Algorithms and Artificial Intelligence Techniques.",,2025-11-28T15:51:40.360744
53,Optimizing Product Design Using Genetic Algorithms and Artificial Intelligence Techniques,Data Modality,"Manxin Chen:
The optimization primarily handles numerical vectors representing design solution state...",N,CANDIDATES,25,NONE,HALLUCINATION,"Manxin Chen:
The optimization primarily handles numerical vectors representing design solution states.",,2025-11-28T15:51:41.257178
53,Optimizing Product Design Using Genetic Algorithms and Artificial Intelligence Techniques,Data About,"Manxin Chen:
The core data consists of design variables (e.g., dimensional, material parameters) and...",Y,CANDIDATES,95,PARAPHRASE,PARAPHRASE,"Manxin Chen:
The core data consists of design variables (e.g., dimensional, material parameters) and fitness values (e.g., cost, performance metrics) associated with design solutions.",,2025-11-28T15:51:44.489808
53,Optimizing Product Design Using Genetic Algorithms and Artificial Intelligence Techniques,"AI Assistance Types (Lee and Kim, 2025)","Manxin Chen:
The main function of the Genetic Algorithm is the generation and continuous evolution o...",Y,CANDIDATES,78,PARAPHRASE,PARAPHRASE,"Manxin Chen:
The main function of the Genetic Algorithm is the generation and continuous evolution of new, improved design solutions",,2025-11-28T15:51:44.492483
59,Automated Extraction and Classification of Product Design Elements Based on Image Recognition,"AI Assistance Types (Lee and Kim, 2025)","Manxin Chen:
The system aims to automatically structure and categorize design knowledge based on vis...",Y,CANDIDATES,75,PARAPHRASE,PARAPHRASE,"Manxin Chen:
The system aims to automatically structure and categorize design knowledge based on visual features. This process assists designers in interpreting and comparing vast visual databases.",,2025-11-28T15:51:51.735311
59,Automated Extraction and Classification of Product Design Elements Based on Image Recognition,Design Discipline,"Manxin Chen:
The focus is on the automated processing of visual features to support product design. ...",Y,CANDIDATES,95,PARAPHRASE,NONE,"Manxin Chen:
The focus is on the automated processing of visual features to support product design. The methodology is aimed at improving efficiency in industrial design workflows.",,2025-11-28T15:51:51.751474
59,Automated Extraction and Classification of Product Design Elements Based on Image Recognition,Data Modality,"Manxin Chen:
The core input is product image data for feature recognition and classification.",Y,CANDIDATES,85,PARAPHRASE,NONE,"Manxin Chen:
The core input is product image data for feature recognition and classification.",,2025-11-28T15:51:53.469554
59,Automated Extraction and Classification of Product Design Elements Based on Image Recognition,Data About,"Manxin Chen:
The system extracts and classifies product design elements (e.g., shape, color, texture...",Y,CANDIDATES,88,PARAPHRASE,NONE,"Manxin Chen:
The system extracts and classifies product design elements (e.g., shape, color, texture) from images. The data is inherently related to the product's aesthetic and structural attributes.",,2025-11-28T15:51:54.467785
68,Goal-Directed Design Agents: Integrating Visual Imitation With One-Step Lookahead Optimization for Generative Design,Design Phase,"Manxin Chen:
The generation process involves an iterative sequence of actions to refine and construc...",Y,CANDIDATES,72,SEMANTIC,PARAPHRASE,"Manxin Chen:
The generation process involves an iterative sequence of actions to refine and construct a high-performing artifact, aligning with the detailed activity of the Develop phase.",,2025-11-28T15:51:57.109018
61,Engineering design optimisation using reinforcement learning with episodic controllers,Design Discipline,"Manxin Chen:
The research focuses on engineering design optimisation using advanced machine learning...",Y,CANDIDATES,88,PARAPHRASE,NONE,"Manxin Chen:
The research focuses on engineering design optimisation using advanced machine learning techniques. The methodology is designed to improve the search for optimal structural or mechanical components.",,2025-11-28T15:51:59.335948
68,Goal-Directed Design Agents: Integrating Visual Imitation With One-Step Lookahead Optimization for Generative Design,"AI Assistance Types (Lee and Kim, 2025)","Manxin Chen:
The agent's primary function is Generative Design, autonomously producing a sequence of...",Y,CANDIDATES,78,PARAPHRASE,NONE,"Manxin Chen:
The agent's primary function is Generative Design, autonomously producing a sequence of design actions to synthesize a new solution directed toward a goal.",,2025-11-28T15:52:00.767211
59,Automated Extraction and Classification of Product Design Elements Based on Image Recognition,AI methods,"Manxin Chen:
The central technology is Image Recognition, implemented via a Convolutional Neural Net...",Y,CANDIDATES,85,PARAPHRASE,PARAPHRASE,"Manxin Chen:
The central technology is Image Recognition, implemented via a Convolutional Neural Network (CNN). CNN is utilized for automated feature extraction and hierarchical classification of design elements",,2025-11-28T15:52:01.057823
59,Automated Extraction and Classification of Product Design Elements Based on Image Recognition,Design Practice/Task,"Manxin Chen:
The goal is to build an intelligent system that can automatically label and structure v...",N,CANDIDATES,80,NONE,HALLUCINATION,"Manxin Chen:
The goal is to build an intelligent system that can automatically label and structure visual design components for downstream conceptual search and retrieval.",,2025-11-28T15:52:01.110810
68,Goal-Directed Design Agents: Integrating Visual Imitation With One-Step Lookahead Optimization for Generative Design,Design Practice/Task,"Manxin Chen:
The key technical goal is training an agent to imitate and generalize expert human desi...",Y,CANDIDATES,85,PARAPHRASE,NONE,"Manxin Chen:
The key technical goal is training an agent to imitate and generalize expert human design strategies from visual demonstrations to improve generative capabilities.",,2025-11-28T15:52:01.500822
68,Goal-Directed Design Agents: Integrating Visual Imitation With One-Step Lookahead Optimization for Generative Design,Design Discipline,"Manxin Chen:
The research proposes Goal-Directed Design Agents for Generative Design applications. T...",Y,CANDIDATES,88,PARAPHRASE,NONE,"Manxin Chen:
The research proposes Goal-Directed Design Agents for Generative Design applications. The methodology supports the engineering design process by learning expert strategies.",,2025-11-28T15:52:01.676821
68,Goal-Directed Design Agents: Integrating Visual Imitation With One-Step Lookahead Optimization for Generative Design,Data Modality,"Manxin Chen:
The model processes the visual representation of the current design state (e.g., a pixe...",Y,CANDIDATES,72,SEMANTIC,PARAPHRASE,"Manxin Chen:
The model processes the visual representation of the current design state (e.g., a pixel grid or rendering) as input for the policy network.",,2025-11-28T15:52:01.843569
68,Goal-Directed Design Agents: Integrating Visual Imitation With One-Step Lookahead Optimization for Generative Design,Data About,"Manxin Chen:
The agents are trained using Visual Imitation, relying on datasets of expert design tra...",Y,CANDIDATES,88,PARAPHRASE,NONE,"Manxin Chen:
The agents are trained using Visual Imitation, relying on datasets of expert design trajectories (action sequences). This data captures the behavioral strategy of human designers.",,2025-11-28T15:52:01.977704
66,Innovation design oriented functional knowledge integration framework based on reinforcement learning,Design Discipline,"Manxin Chen:
The framework is oriented toward innovation design and integration of functional knowle...",Y,CANDIDATES,92,PARAPHRASE,NONE,"Manxin Chen:
The framework is oriented toward innovation design and integration of functional knowledge. The methodology supports the engineering design process.",,2025-11-28T15:52:02.493531
61,Engineering design optimisation using reinforcement learning with episodic controllers,AI methods,"Manxin Chen:
The main technique is Reinforcement Learning (RL), specifically implemented using an ar...",Y,CANDIDATES,95,PARAPHRASE,NONE,"Manxin Chen:
The main technique is Reinforcement Learning (RL), specifically implemented using an architecture incorporating episodic controllers.",,2025-11-28T15:52:02.729238
68,Goal-Directed Design Agents: Integrating Visual Imitation With One-Step Lookahead Optimization for Generative Design,AI methods,"Manxin Chen:
The core involves Visual Imitation Learning, utilizing Convolutional Neural Networks (C...",Y,CANDIDATES,70,SEMANTIC,PARAPHRASE,"Manxin Chen:
The core involves Visual Imitation Learning, utilizing Convolutional Neural Networks (CNNs) to process image states and learn expert policies.",,2025-11-28T15:52:03.304175
61,Engineering design optimisation using reinforcement learning with episodic controllers,Design Phase,"Manxin Chen:
The primary goal is optimisation, the process of refining and converging to the best so...",Y,CANDIDATES,75,SEMANTIC,PARAPHRASE,"Manxin Chen:
The primary goal is optimisation, the process of refining and converging to the best solution, which is characteristic of the Develop phase.",,2025-11-28T15:52:03.757358
59,Automated Extraction and Classification of Product Design Elements Based on Image Recognition,Design Phase,"Manxin Chen:
The extracted and classified design elements are used to inform initial concept generat...",N,CANDIDATES,25,NONE,HALLUCINATION,"Manxin Chen:
The extracted and classified design elements are used to inform initial concept generation and quickly identify aesthetic trends in existing products.",,2025-11-28T15:52:06.701761
66,Innovation design oriented functional knowledge integration framework based on reinforcement learning,AI methods,"Manxin Chen:
The core algorithm is Reinforcement Learning (RL), used to guide the sequential integra...",Y,CANDIDATES,80,PARAPHRASE,PARAPHRASE,"Manxin Chen:
The core algorithm is Reinforcement Learning (RL), used to guide the sequential integration of functional modules.",,2025-11-28T15:52:06.774678
61,Engineering design optimisation using reinforcement learning with episodic controllers,Data Modality,"Manxin Chen:
The core is sequential decision-making, where the reinforcement learning agent observes...",Y,CANDIDATES,85,PARAPHRASE,NONE,"Manxin Chen:
The core is sequential decision-making, where the reinforcement learning agent observes the environment state and selects an action, creating a sequence of states and rewards.",,2025-11-28T15:52:08.353516
61,Engineering design optimisation using reinforcement learning with episodic controllers,Design Practice/Task,"Manxin Chen:
The key technical task is training an agent to learn an optimal search policy (sequence...",Y,CANDIDATES,78,PARAPHRASE,PARAPHRASE,"Manxin Chen:
The key technical task is training an agent to learn an optimal search policy (sequence of design choices) to solve optimization problems efficiently.",,2025-11-28T15:52:08.721109
66,Innovation design oriented functional knowledge integration framework based on reinforcement learning,Design Practice/Task,"Manxin Chen:
Innovation design oriented functional knowledge integration framework based on reinforc...",Y,CANDIDATES,100,EXACT,NONE,"Manxin Chen:
Innovation design oriented functional knowledge integration framework based on reinforcement learning.",,2025-11-28T15:52:08.917052
66,Innovation design oriented functional knowledge integration framework based on reinforcement learning,"AI Assistance Types (Lee and Kim, 2025)","Manxin Chen:
The RL agent autonomously searches for and generates optimal sequences of function comb...",Y,CANDIDATES,75,SEMANTIC,PARAPHRASE,"Manxin Chen:
The RL agent autonomously searches for and generates optimal sequences of function combinations to fulfill a high-level requirement, leading to a new conceptual solution.",,2025-11-28T15:52:11.750383
61,Engineering design optimisation using reinforcement learning with episodic controllers,"AI Assistance Types (Lee and Kim, 2025)","Manxin Chen:
The RL agent acts as an autonomous decision-maker that iteratively selects and generate...",Y,CANDIDATES,78,PARAPHRASE,NONE,"Manxin Chen:
The RL agent acts as an autonomous decision-maker that iteratively selects and generates new design parameter configurations to achieve the performance goal.",,2025-11-28T15:52:11.930984
66,Innovation design oriented functional knowledge integration framework based on reinforcement learning,Data Modality,"Manxin Chen:
The initial input is unstructured natural language text detailing functional requiremen...",Y,CANDIDATES,45,PARAPHRASE,PARAPHRASE,"Manxin Chen:
The initial input is unstructured natural language text detailing functional requirements or technical specifications.",,2025-11-28T15:52:11.978354
72,Combinediff: a GenAI creative support tool for image combination exploration,Data Modality,"Manxin Chen:
The tool takes multiple visual inputs and produces a visual output.",Y,CANDIDATES,72,PARAPHRASE,PARAPHRASE,"Manxin Chen:
The tool takes multiple visual inputs and produces a visual output.",,2025-11-28T15:52:12.541952
186,User emotion recognition and indoor space interaction design: a CNN model optimized by multimodal weighted networks,AI methods,"Intherealmofdeeplearning,convolutionalneuralnetworks(CNNs)(Zhang,Zhang&Wang,2023)haveemergedasaformi...",Y,LOCAL,80,PARTIAL,NONE,"Intherealmofdeeplearning,convolutionalneuralnetworks(CNNs)(Zhang,Zhang&Wang,2023)haveemergedasaformidabletoolforimageprocessing.Theirstrengthliesinthe robust feature extraction capabilities embedded within their convolutional kernels,which have found widespread applications in tasks ranging from intricate image processing, pattern recognition, to feature extraction.",Found via local text search (partial match - first 50 chars),2025-11-28T15:52:13.282149
186,User emotion recognition and indoor space interaction design: a CNN model optimized by multimodal weighted networks,Data Modality,"For video dataset HMDB, key frames or video fragments are extracted. For the image dataset CK+, the ...",Y,LOCAL,80,PARTIAL,NONE,"For video dataset HMDB, key frames or video fragments are extracted. For the image dataset CK+, the image file is loaded directly.",Found via local text search (partial match - first 50 chars),2025-11-28T15:52:13.399994
186,User emotion recognition and indoor space interaction design: a CNN model optimized by multimodal weighted networks,"AI Assistance Types (Lee and Kim, 2025)","This classifier adeptly extracts emotional cues from various facets like mouth shape, facial express...",Y,LOCAL,80,PARTIAL,NONE,"This classifier adeptly extracts emotional cues from various facets like mouth shape, facial expressions, body language, and more, facilitating the prediction of a user's emotional state. This predictive capacity, in turn, contributes significantly to enhancing user experiences within interior interaction design. This comprehensive understanding allows for a nuanced interpretation of users' emotional states and preferences, facilitating personalized and efficient services. By monitoring users' visual responses, designers can discern which design elements evoke positive emotions like pleasure, excitement, or comfort and negative emotions such as dissatisfaction, despondency, or fatigue.",Found via local text search (partial match - first 50 chars),2025-11-28T15:52:13.468805
66,Innovation design oriented functional knowledge integration framework based on reinforcement learning,Design Phase,"Manxin Chen:
The framework aims to promote innovation design, specifically by guiding the functional...",Y,CANDIDATES,65,SEMANTIC,PARAPHRASE,"Manxin Chen:
The framework aims to promote innovation design, specifically by guiding the functional decomposition and synthesis necessary for early-stage conceptualization.",,2025-11-28T15:52:13.567123
72,Combinediff: a GenAI creative support tool for image combination exploration,Design Phase,"Manxin Chen:
The application is designed to support image combination exploration, which is a key pr...",Y,CANDIDATES,95,PARAPHRASE,NONE,"Manxin Chen:
The application is designed to support image combination exploration, which is a key process during the ideation and conceptualization phase of design.",,2025-11-28T15:52:14.134803
72,Combinediff: a GenAI creative support tool for image combination exploration,AI methods,"Manxin Chen:
The core technology is Generative AI (GenAI), specifically utilizing diffusion models f...",Y,CANDIDATES,95,PARAPHRASE,NONE,"Manxin Chen:
The core technology is Generative AI (GenAI), specifically utilizing diffusion models for image synthesis and combination.",,2025-11-28T15:52:14.977018
72,Combinediff: a GenAI creative support tool for image combination exploration,"AI Assistance Types (Lee and Kim, 2025)","Manxin Chen:
The main function is to generate novel conceptual visuals by exploring combinations of ...",Y,CANDIDATES,88,PARAPHRASE,NONE,"Manxin Chen:
The main function is to generate novel conceptual visuals by exploring combinations of input images. The tool directly supports creative synthesis.",,2025-11-28T15:52:15.043940
66,Innovation design oriented functional knowledge integration framework based on reinforcement learning,Data About,"Manxin Chen:
The system processes functional knowledge and component relationships extracted from ex...",Y,CANDIDATES,72,PARAPHRASE,PARAPHRASE,"Manxin Chen:
The system processes functional knowledge and component relationships extracted from existing products or technical literature. The data defines the structural and behavioral attributes of a product.",,2025-11-28T15:52:15.194806
72,Combinediff: a GenAI creative support tool for image combination exploration,Design Discipline,"Manxin Chen:
The research introduces a Generative AI (GenAI) creative support tool designed to assis...",Y,CANDIDATES,88,PARAPHRASE,NONE,"Manxin Chen:
The research introduces a Generative AI (GenAI) creative support tool designed to assist creative exploration. The methodology is aimed at facilitating the ideation phase of design.",,2025-11-28T15:52:15.676372
72,Combinediff: a GenAI creative support tool for image combination exploration,Data About,"Manxin Chen:
The primary input consists of multiple source images that the tool combines. The output...",Y,CANDIDATES,88,PARAPHRASE,NONE,"Manxin Chen:
The primary input consists of multiple source images that the tool combines. The output is a synthesized conceptual image.",,2025-11-28T15:52:15.954977
72,Combinediff: a GenAI creative support tool for image combination exploration,Design Practice/Task,"Manxin Chen:
systematically map and visualize the blended feature space between two input concepts f...",Y,CANDIDATES,70,PARAPHRASE,PARAPHRASE,"Manxin Chen:
systematically map and visualize the blended feature space between two input concepts for creative ideation.",,2025-11-28T15:52:20.271897
61,Engineering design optimisation using reinforcement learning with episodic controllers,Data About,"Manxin Chen:
The data consists of design parameters and performance metrics (e.g., fitness value, co...",Y,CANDIDATES,65,SEMANTIC,PARAPHRASE,"Manxin Chen:
The data consists of design parameters and performance metrics (e.g., fitness value, constraint compliance) obtained from iterative design evaluations.",,2025-11-28T15:52:24.347261
186,User emotion recognition and indoor space interaction design: a CNN model optimized by multimodal weighted networks,Data About,"Users predominantly express emotions through multiple languages, facial expressions, and body langua...",Y,CANDIDATES,100,EXACT,NONE,"Users predominantly express emotions through multiple languages, facial expressions, and body language, so relying solely on a singular perspective for emotion recognition appears limited. Our approach harnesses the user's facial expression, mouth shape, and body features extracted from the visual emotion recognition network as inputs into the multimodal weighting network.",,2025-11-28T15:52:31.587946
186,User emotion recognition and indoor space interaction design: a CNN model optimized by multimodal weighted networks,Design Practice/Task,This study introduces a deep learning-based multimodal weighting network model to address this chall...,Y,CANDIDATES,85,EXACT,PARAPHRASE,"This study introduces a deep learning-based multimodal weighting network model to address this challenge. The model initiates with a convolutional attention module, employing a self-attention mechanism within a convolutional neural network (CNN). As a result, the multimodal weighting network model is integrated to optimize weights during training. Finally, a weight network classifier is derived from these optimized weights to facilitate visual emotion recognition. Experimental outcomes reveal a 77.057% correctness rate and a 74.75% accuracy rate in visual emotion recognition.",,2025-11-28T15:52:32.800244
186,User emotion recognition and indoor space interaction design: a CNN model optimized by multimodal weighted networks,Design Discipline,"Interaction design, as a comprehensive discipline, focuses primarily on enhancing the user experienc...",Y,CANDIDATES,100,EXACT,NONE,"Interaction design, as a comprehensive discipline, focuses primarily on enhancing the user experience. Presently, interaction design within interior spaces seamlessly merges design with technology. This integration leverages cutting-edge technologies like artificial intelligence, sensors, and interactive projection, among others, facilitating the fusion of users with the interior environment. The objective is to offer interior space designs that are more accessible, interactive, and tailored to individual preferences.",,2025-11-28T15:52:34.811037
186,User emotion recognition and indoor space interaction design: a CNN model optimized by multimodal weighted networks,Design Phase,This study introduces a deep learning-based multimodal weighting network model to address this chall...,Y,CANDIDATES,85,EXACT,NONE,"This study introduces a deep learning-based multimodal weighting network model to address this challenge. The model initiates with a convolutional attention module, employing a self-attention mechanism within a convolutional neural network (CNN). As a result, the multimodal weighting network model is integrated to optimize weights during training. Finally, a weight network classifier is derived from these optimized weights to facilitate visual emotion recognition. Experimental outcomes reveal a 77.057% correctness rate and a 74.75% accuracy rate in visual emotion recognition.",,2025-11-28T15:52:38.850302
77,A PTM-Based Framework for Enhanced User Requirement Classification in Product Design,"AI Assistance Types (Lee and Kim, 2025)","Manxin Chen:
The primary function is to classify unstructured user input into structured, actionable...",Y,CANDIDATES,80,PARAPHRASE,PARAPHRASE,"Manxin Chen:
The primary function is to classify unstructured user input into structured, actionable requirement categories. This allows designers to make sense of raw feedback and prioritize design goals.",,2025-11-28T15:54:08.203205
77,A PTM-Based Framework for Enhanced User Requirement Classification in Product Design,Data Modality,"Manxin Chen:
The framework processes natural language input (user requirements) for classification.",Y,CANDIDATES,78,PARAPHRASE,PARAPHRASE,"Manxin Chen:
The framework processes natural language input (user requirements) for classification.",,2025-11-28T15:54:15.363688
77,A PTM-Based Framework for Enhanced User Requirement Classification in Product Design,Design Discipline,"Manxin Chen:
The core application is enhanced user requirement classification for product design. Th...",Y,CANDIDATES,75,PARAPHRASE,PARAPHRASE,"Manxin Chen:
The core application is enhanced user requirement classification for product design. The framework supports the foundational phase of engineering design.",,2025-11-28T15:54:16.581972
77,A PTM-Based Framework for Enhanced User Requirement Classification in Product Design,Data About,"Manxin Chen:
The methodology processes raw data derived from user feedback, reviews, and market sent...",Y,CANDIDATES,78,PARAPHRASE,PARAPHRASE,"Manxin Chen:
The methodology processes raw data derived from user feedback, reviews, and market sentiment. This input captures user requirements and needs.",,2025-11-28T15:54:16.763176
77,A PTM-Based Framework for Enhanced User Requirement Classification in Product Design,Design Practice/Task,"Manxin Chen:
developing an NLP framework to automatically and accurately map natural language requir...",Y,CANDIDATES,85,PARAPHRASE,NONE,"Manxin Chen:
developing an NLP framework to automatically and accurately map natural language requirements to predefined design structures.",,2025-11-28T15:54:20.789961
77,A PTM-Based Framework for Enhanced User Requirement Classification in Product Design,Design Phase,"Manxin Chen:
The application is aimed at user requirement mining and classification, which are funda...",Y,CANDIDATES,55,SEMANTIC,PARAPHRASE,"Manxin Chen:
The application is aimed at user requirement mining and classification, which are fundamental activities in the early conceptualization and problem definition (Discovery) phases.",,2025-11-28T15:54:27.331592
77,A PTM-Based Framework for Enhanced User Requirement Classification in Product Design,AI methods,"Manxin Chen:
The core technique utilizes a Pre-trained Model (PTM) (e.g., BERT, Transformer-based ar...",Y,CANDIDATES,85,PARAPHRASE,PARAPHRASE,"Manxin Chen:
The core technique utilizes a Pre-trained Model (PTM) (e.g., BERT, Transformer-based architecture). PTMs are a specialized form of Deep Learning used for semantic understanding and classification of text.",,2025-11-28T15:54:27.547299
